index,label,score
0,nominal,-9684
1,nominal,-8033
2,nominal,-7873
3,nominal,-8389
4,nominal,-8470
5,nominal,-7776
6,nominal,-7328
7,nominal,-7063
8,nominal,-8169
9,nominal,-7563
10,nominal,-7868
11,nominal,-8607
12,nominal,-9641
13,nominal,-9190
14,nominal,-8058
15,nominal,-8542
16,nominal,-8883
17,nominal,-8846
18,nominal,-8373
19,nominal,-7544
20,nominal,-7443
21,nominal,-8260
22,nominal,-9061
23,nominal,-8717
24,nominal,-9259
25,nominal,-7894
26,nominal,-8255
27,nominal,-7977
28,nominal,-8253
29,nominal,-8206
30,nominal,-8236
31,nominal,-7652
32,nominal,-7588
33,nominal,-9224
34,nominal,-8824
35,nominal,-9142
36,nominal,-8794
37,nominal,-8431
38,nominal,-8896
39,nominal,-8072
40,nominal,-9210
41,nominal,-8812
42,nominal,-7965
43,nominal,-7072
44,nominal,-6710
45,nominal,-8874
46,nominal,-8500
47,nominal,-7074
48,nominal,-8992
49,nominal,-7667
50,nominal,-8265
51,nominal,-9473
52,nominal,-8629
53,nominal,-9369
54,nominal,-9319
55,nominal,-8566
56,nominal,-8033
57,nominal,-8581
58,nominal,-9828
59,nominal,-8156
60,nominal,-7633
61,nominal,-7718
62,nominal,-9051
63,nominal,-8074
64,nominal,-7116
65,nominal,-8227
66,nominal,-10152
67,nominal,-5628
68,nominal,-7953
69,nominal,-8521
70,nominal,-7792
71,nominal,-10286
72,nominal,-8065
73,nominal,-7699
74,nominal,-8666
75,nominal,-8277
76,nominal,-9052
77,nominal,-8852
78,nominal,-8776
79,nominal,-7800
80,nominal,-7958
81,nominal,-8055
82,nominal,-7952
83,nominal,-7683
84,nominal,-8073
85,nominal,-8170
86,nominal,-7761
87,nominal,-9030
88,nominal,-8207
89,nominal,-7643
90,nominal,-8269
91,nominal,-8495
92,nominal,-7183
93,nominal,-8190
94,nominal,-9111
95,nominal,-8977
96,nominal,-9171
97,nominal,-8477
98,nominal,-7489
99,nominal,-7848
100,nominal,-8617
101,nominal,-7618
102,nominal,-8086
103,nominal,-10001
104,nominal,-7839
105,nominal,-8457
106,nominal,-8696
107,nominal,-8010
108,nominal,-7993
109,nominal,-7604
110,nominal,-8774
111,nominal,-8512
112,nominal,-8327
113,nominal,-7660
114,nominal,-7501
115,nominal,-9655
116,nominal,-6785
117,nominal,-8206
118,nominal,-7803
119,nominal,-7622
120,nominal,-8967
121,nominal,-7790
122,nominal,-10010
123,nominal,-8642
124,nominal,-9959
125,nominal,-7539
126,nominal,-7705
127,nominal,-7744
128,nominal,-8604
129,nominal,-8721
130,nominal,-7019
131,nominal,-7463
132,nominal,-7511
133,nominal,-8083
134,nominal,-7697
135,nominal,-8646
136,nominal,-7803
137,nominal,-7343
138,nominal,-8397
139,nominal,-8089
140,nominal,-8046
141,nominal,-8310
142,nominal,-7826
143,nominal,-7947
144,nominal,-7936
145,nominal,-7750
146,nominal,-7607
147,nominal,-8337
148,nominal,-7202
149,nominal,-8104
150,nominal,-7569
151,nominal,-8030
152,nominal,-6170
153,nominal,-9636
154,nominal,-8485
155,nominal,-7489
156,nominal,-8309
157,nominal,-7522
158,nominal,-7618
159,nominal,-7451
160,nominal,-9052
161,nominal,-8221
162,nominal,-7456
163,nominal,-9076
164,nominal,-8530
165,nominal,-8302
166,nominal,-8662
167,nominal,-8155
168,nominal,-7936
169,nominal,-7806
170,nominal,-7951
171,nominal,-8436
172,nominal,-8726
173,nominal,-8390
174,nominal,-8425
175,nominal,-7480
176,nominal,-8818
177,nominal,-6283
178,nominal,-8022
179,nominal,-8019
180,nominal,-7285
181,nominal,-8815
182,nominal,-8536
183,nominal,-7830
184,nominal,-7501
185,nominal,-8941
186,nominal,-8953
187,nominal,-8175
188,nominal,-8341
189,nominal,-8199
190,nominal,-8101
191,nominal,-8146
192,nominal,-8373
193,nominal,-7870
194,nominal,-7282
195,nominal,-7117
196,nominal,-8092
197,nominal,-7258
198,nominal,-8419
199,nominal,-8709
200,nominal,-9144
201,nominal,-8260
202,nominal,-7311
203,nominal,-8519
204,nominal,-8197
205,nominal,-7436
206,nominal,-8494
207,nominal,-7511
208,nominal,-9153
209,nominal,-7666
210,nominal,-7428
211,nominal,-7401
212,nominal,-7976
213,nominal,-8397
214,nominal,-6913
215,nominal,-9191
216,nominal,-6547
217,nominal,-8452
218,nominal,-9717
219,nominal,-8774
220,nominal,-6781
221,nominal,-8373
222,nominal,-7711
223,nominal,-9078
224,nominal,-7838
225,nominal,-8893
226,nominal,-9384
227,nominal,-7609
228,nominal,-9132
229,nominal,-8299
230,nominal,-8644
231,nominal,-7759
232,nominal,-6265
233,nominal,-8668
234,nominal,-7323
235,nominal,-9250
236,nominal,-8547
237,nominal,-9256
238,nominal,-7894
239,nominal,-9513
240,nominal,-8780
241,nominal,-7837
242,nominal,-9240
243,nominal,-8668
244,nominal,-7959
245,nominal,-7807
246,nominal,-7111
247,nominal,-9817
248,nominal,-7779
249,nominal,-8574
250,nominal,-8161
251,nominal,-7275
252,nominal,-7589
253,nominal,-8522
254,nominal,-10005
255,nominal,-7895
256,nominal,-10055
257,nominal,-7905
258,nominal,-8117
259,nominal,-7963
260,nominal,-7891
261,nominal,-6975
262,nominal,-9082
263,nominal,-7234
264,nominal,-9577
265,nominal,-7537
266,nominal,-8951
267,nominal,-7305
268,nominal,-8320
269,nominal,-8204
270,nominal,-8886
271,nominal,-7360
272,nominal,-7976
273,nominal,-8172
274,nominal,-7097
275,nominal,-7036
276,nominal,-8830
277,nominal,-7842
278,nominal,-7983
279,nominal,-8147
280,nominal,-8866
281,nominal,-7551
282,nominal,-9291
283,nominal,-8296
284,nominal,-9134
285,nominal,-9069
286,nominal,-7128
287,nominal,-7714
288,nominal,-8224
289,nominal,-7630
290,nominal,-8970
291,nominal,-9858
292,nominal,-8462
293,nominal,-8441
294,nominal,-6585
295,nominal,-8070
296,nominal,-9091
297,nominal,-9239
298,nominal,-6990
299,nominal,-8870
300,nominal,-7933
301,nominal,-8371
302,nominal,-9004
303,nominal,-8533
304,nominal,-7184
305,nominal,-8555
306,nominal,-7412
307,nominal,-9449
308,nominal,-8990
309,nominal,-8455
310,nominal,-8019
311,nominal,-8406
312,nominal,-7522
313,nominal,-8801
314,nominal,-9294
315,nominal,-7737
316,nominal,-7950
317,nominal,-8102
318,nominal,-7212
319,nominal,-8630
320,nominal,-6794
321,nominal,-6908
322,nominal,-8243
323,nominal,-8429
324,nominal,-7913
325,nominal,-7792
326,nominal,-7314
327,nominal,-8276
328,nominal,-8518
329,nominal,-7746
330,nominal,-8995
331,nominal,-8929
332,nominal,-7709
333,nominal,-8483
334,nominal,-8631
335,nominal,-8982
336,nominal,-7041
337,nominal,-8963
338,nominal,-7886
339,nominal,-8319
340,nominal,-8796
341,nominal,-8890
342,nominal,-7442
343,nominal,-8077
344,nominal,-7531
345,nominal,-8433
346,nominal,-7887
347,nominal,-8885
348,nominal,-7066
349,nominal,-8571
350,nominal,-7714
351,nominal,-7106
352,nominal,-6801
353,nominal,-6564
354,nominal,-8734
355,nominal,-8263
356,nominal,-7749
357,nominal,-7537
358,nominal,-7789
359,nominal,-8001
360,nominal,-7928
361,nominal,-8026
362,nominal,-8906
363,nominal,-8756
364,nominal,-8264
365,nominal,-8231
366,nominal,-8740
367,nominal,-8747
368,nominal,-8111
369,nominal,-8366
370,nominal,-9031
371,nominal,-7479
372,nominal,-8116
373,nominal,-7263
374,nominal,-8209
375,nominal,-8411
376,nominal,-7839
377,nominal,-8289
378,nominal,-8979
379,nominal,-7742
380,nominal,-8771
381,nominal,-9261
382,nominal,-8619
383,nominal,-8767
384,nominal,-8484
385,nominal,-8351
386,nominal,-7022
387,nominal,-8485
388,nominal,-8679
389,nominal,-7254
390,nominal,-9797
391,nominal,-9240
392,nominal,-7877
393,nominal,-7673
394,nominal,-7458
395,nominal,-6948
396,nominal,-7926
397,nominal,-8101
398,nominal,-6920
399,nominal,-7872
400,nominal,-7973
401,nominal,-8145
402,nominal,-9309
403,nominal,-6767
404,nominal,-9367
405,nominal,-9435
406,nominal,-9159
407,nominal,-7998
408,nominal,-8760
409,nominal,-7868
410,nominal,-9070
411,nominal,-8749
412,nominal,-7178
413,nominal,-8834
414,nominal,-7216
415,nominal,-7545
416,nominal,-8127
417,nominal,-8511
418,nominal,-9047
419,nominal,-7924
420,nominal,-8172
421,nominal,-7878
422,nominal,-8097
423,nominal,-8945
424,nominal,-9120
425,nominal,-7638
426,nominal,-7411
427,nominal,-7854
428,nominal,-8653
429,nominal,-9027
430,nominal,-8524
431,nominal,-7640
432,nominal,-7399
433,nominal,-7938
434,nominal,-8675
435,nominal,-9252
436,nominal,-8008
437,nominal,-6764
438,nominal,-8166
439,nominal,-8851
440,nominal,-9327
441,nominal,-7889
442,nominal,-8842
443,nominal,-7810
444,nominal,-8296
445,nominal,-8218
446,nominal,-6996
447,nominal,-6711
448,nominal,-8259
449,nominal,-7824
450,nominal,-8445
451,nominal,-8271
452,nominal,-8847
453,nominal,-7328
454,nominal,-8859
455,nominal,-9594
456,nominal,-8313
457,nominal,-7266
458,nominal,-8182
459,nominal,-6742
460,nominal,-6988
461,nominal,-8479
462,nominal,-8847
463,nominal,-8324
464,nominal,-7510
465,nominal,-9425
466,nominal,-7175
467,nominal,-8435
468,nominal,-7551
469,nominal,-7871
470,nominal,-8477
471,nominal,-8881
472,nominal,-9763
473,nominal,-7015
474,nominal,-6685
475,nominal,-8228
476,nominal,-8148
477,nominal,-9087
478,nominal,-7479
479,nominal,-8333
480,nominal,-9397
481,nominal,-7788
482,nominal,-6985
483,nominal,-9379
484,nominal,-8788
485,nominal,-7776
486,nominal,-8435
487,nominal,-7801
488,nominal,-8068
489,nominal,-9175
490,nominal,-8683
491,nominal,-8231
492,nominal,-6693
493,nominal,-8537
494,nominal,-8737
495,nominal,-7558
496,nominal,-7864
497,nominal,-7910
498,nominal,-9702
499,nominal,-8196
500,nominal,-7313
501,nominal,-7894
502,nominal,-9540
503,nominal,-8850
504,nominal,-9309
505,nominal,-8006
506,nominal,-9295
507,nominal,-8490
508,nominal,-7654
509,nominal,-8780
510,nominal,-8643
511,nominal,-7943
512,nominal,-8064
513,nominal,-8451
514,nominal,-8134
515,nominal,-8658
516,nominal,-8096
517,nominal,-9066
518,nominal,-8682
519,nominal,-8724
520,nominal,-8609
521,nominal,-7873
522,nominal,-7873
523,nominal,-8912
524,nominal,-8168
525,nominal,-8108
526,nominal,-8619
527,nominal,-8443
528,nominal,-7673
529,nominal,-9010
530,nominal,-7846
531,nominal,-9276
532,nominal,-8261
533,nominal,-7536
534,nominal,-8954
535,nominal,-8419
536,nominal,-8056
537,nominal,-8629
538,nominal,-8435
539,nominal,-8091
540,nominal,-8943
541,nominal,-8395
542,nominal,-8091
543,nominal,-8227
544,nominal,-9459
545,nominal,-7460
546,nominal,-9547
547,nominal,-6988
548,nominal,-8255
549,nominal,-8056
550,nominal,-6735
551,nominal,-7010
552,nominal,-8024
553,nominal,-7684
554,nominal,-8401
555,nominal,-8618
556,nominal,-8426
557,nominal,-8005
558,nominal,-8630
559,nominal,-8869
560,nominal,-7082
561,nominal,-7436
562,nominal,-8922
563,nominal,-8285
564,nominal,-8377
565,nominal,-8039
566,nominal,-7790
567,nominal,-7694
568,nominal,-8734
569,nominal,-8643
570,nominal,-8121
571,nominal,-9699
572,nominal,-7779
573,nominal,-8819
574,nominal,-8841
575,nominal,-7573
576,nominal,-8363
577,nominal,-7486
578,nominal,-8858
579,nominal,-9374
580,nominal,-7600
581,nominal,-8210
582,nominal,-8846
583,nominal,-9527
584,nominal,-8262
585,nominal,-7439
586,nominal,-8482
587,nominal,-8835
588,nominal,-7343
589,nominal,-8588
590,nominal,-8080
591,nominal,-8603
592,nominal,-8798
593,nominal,-8138
594,nominal,-8188
595,nominal,-8001
596,nominal,-7992
597,nominal,-8287
598,nominal,-8226
599,nominal,-9783
600,nominal,-6830
601,nominal,-8233
602,nominal,-8496
603,nominal,-8212
604,nominal,-8618
605,nominal,-9290
606,nominal,-8359
607,nominal,-6644
608,nominal,-8513
609,nominal,-7918
610,nominal,-7457
611,nominal,-8446
612,nominal,-9868
613,nominal,-8447
614,nominal,-9379
615,nominal,-6838
616,nominal,-7257
617,nominal,-7634
618,nominal,-8573
619,nominal,-7487
620,nominal,-7831
621,nominal,-7380
622,nominal,-7078
623,nominal,-8874
624,nominal,-7747
625,nominal,-7823
626,nominal,-7007
627,nominal,-9694
628,nominal,-7276
629,nominal,-8523
630,nominal,-8417
631,nominal,-8964
632,nominal,-8528
633,nominal,-8329
634,nominal,-8620
635,nominal,-8520
636,nominal,-7728
637,nominal,-8904
638,nominal,-8706
639,nominal,-7957
640,nominal,-8032
641,nominal,-8046
642,nominal,-8185
643,nominal,-8420
644,nominal,-7154
645,nominal,-6072
646,nominal,-8952
647,nominal,-8200
648,nominal,-9103
649,nominal,-7665
650,nominal,-8344
651,nominal,-7411
652,nominal,-8836
653,nominal,-9555
654,nominal,-7841
655,nominal,-7426
656,nominal,-9380
657,nominal,-7702
658,nominal,-7948
659,nominal,-8147
660,nominal,-7959
661,nominal,-7686
662,nominal,-8661
663,nominal,-7326
664,nominal,-8140
665,nominal,-8410
666,nominal,-7859
667,nominal,-9136
668,nominal,-8735
669,nominal,-9285
670,nominal,-9046
671,nominal,-7530
672,nominal,-8046
673,nominal,-8570
674,nominal,-7590
675,nominal,-8304
676,nominal,-8402
677,nominal,-8791
678,nominal,-8130
679,nominal,-8304
680,nominal,-8448
681,nominal,-7583
682,nominal,-8280
683,nominal,-9130
684,nominal,-7706
685,nominal,-8459
686,nominal,-9043
687,nominal,-7360
688,nominal,-7980
689,nominal,-7806
690,nominal,-8204
691,nominal,-6645
692,nominal,-8005
693,nominal,-9262
694,nominal,-7412
695,nominal,-8099
696,nominal,-8266
697,nominal,-6859
698,nominal,-8412
699,nominal,-7122
700,nominal,-7847
701,nominal,-6550
702,nominal,-8663
703,nominal,-9411
704,nominal,-8250
705,nominal,-8073
706,nominal,-8073
707,nominal,-9488
708,nominal,-7949
709,nominal,-8423
710,nominal,-7841
711,nominal,-7056
712,nominal,-7337
713,nominal,-8213
714,nominal,-7914
715,nominal,-8201
716,nominal,-8085
717,nominal,-8361
718,nominal,-8156
719,nominal,-7767
720,nominal,-8824
721,nominal,-9088
722,nominal,-8877
723,nominal,-9505
724,nominal,-8820
725,nominal,-8014
726,nominal,-9427
727,nominal,-7951
728,nominal,-8652
729,nominal,-7098
730,nominal,-7198
731,nominal,-6574
732,nominal,-6952
733,nominal,-8008
734,nominal,-8254
735,nominal,-7607
736,nominal,-8691
737,nominal,-8592
738,nominal,-8873
739,nominal,-8432
740,nominal,-8436
741,nominal,-8248
742,nominal,-7995
743,nominal,-7760
744,nominal,-7714
745,nominal,-6851
746,nominal,-8552
747,nominal,-6708
748,nominal,-8228
749,nominal,-7955
750,nominal,-8312
751,nominal,-8540
752,nominal,-6904
753,nominal,-8515
754,nominal,-8212
755,nominal,-8309
756,nominal,-9818
757,nominal,-8242
758,nominal,-8411
759,nominal,-9020
760,nominal,-7795
761,nominal,-9370
762,nominal,-6094
763,nominal,-8720
764,nominal,-9095
765,nominal,-7583
766,nominal,-7389
767,nominal,-8585
768,nominal,-9544
769,nominal,-7529
770,nominal,-9290
771,nominal,-8318
772,nominal,-8292
773,nominal,-8583
774,nominal,-9093
775,nominal,-7242
776,nominal,-9061
777,nominal,-8689
778,nominal,-8068
779,nominal,-8027
780,nominal,-7662
781,nominal,-7723
782,nominal,-7671
783,nominal,-7765
784,nominal,-8222
785,nominal,-8512
786,nominal,-7379
787,nominal,-8382
788,nominal,-9069
789,nominal,-8045
790,nominal,-8274
791,nominal,-7995
792,nominal,-9204
793,nominal,-8490
794,nominal,-7387
795,nominal,-9204
796,nominal,-8990
797,nominal,-8847
798,nominal,-7753
799,nominal,-7734
800,nominal,-9200
801,nominal,-7654
802,nominal,-8723
803,nominal,-7515
804,nominal,-8480
805,nominal,-8438
806,nominal,-9764
807,nominal,-8126
808,nominal,-9003
809,nominal,-8790
810,nominal,-8745
811,nominal,-7503
812,nominal,-8185
813,nominal,-8284
814,nominal,-8715
815,nominal,-7675
816,nominal,-8275
817,nominal,-8148
818,nominal,-8534
819,nominal,-7474
820,nominal,-6908
821,nominal,-8888
822,nominal,-7603
823,nominal,-8178
824,nominal,-7942
825,nominal,-7752
826,nominal,-8775
827,nominal,-6784
828,nominal,-9002
829,nominal,-8985
830,nominal,-6680
831,nominal,-7761
832,nominal,-8606
833,nominal,-7987
834,nominal,-9105
835,nominal,-7744
836,nominal,-8241
837,nominal,-7465
838,nominal,-7109
839,nominal,-7101
840,nominal,-8570
841,nominal,-8317
842,nominal,-8363
843,nominal,-6837
844,nominal,-8361
845,nominal,-8339
846,nominal,-7382
847,nominal,-8453
848,nominal,-6671
849,nominal,-7541
850,nominal,-7641
851,nominal,-8053
852,nominal,-7115
853,nominal,-7526
854,nominal,-8835
855,nominal,-8414
856,nominal,-7775
857,nominal,-9044
858,nominal,-7611
859,nominal,-8018
860,nominal,-8648
861,nominal,-8260
862,nominal,-6441
863,nominal,-8378
864,nominal,-8548
865,nominal,-8341
866,nominal,-8337
867,nominal,-8193
868,nominal,-8627
869,nominal,-7909
870,nominal,-8173
871,nominal,-7947
872,nominal,-7640
873,nominal,-8136
874,nominal,-8619
875,nominal,-7994
876,nominal,-9186
877,nominal,-7433
878,nominal,-9030
879,nominal,-9424
880,nominal,-8816
881,nominal,-6922
882,nominal,-9189
883,nominal,-8793
884,nominal,-6381
885,nominal,-9410
886,nominal,-8386
887,nominal,-7124
888,nominal,-7470
889,nominal,-7825
890,nominal,-8413
891,nominal,-8152
892,nominal,-7523
893,nominal,-7436
894,nominal,-8896
895,nominal,-9418
896,nominal,-8115
897,nominal,-7993
898,nominal,-8672
899,nominal,-8714
900,nominal,-8413
901,nominal,-8356
902,nominal,-8067
903,nominal,-8341
904,nominal,-7388
905,nominal,-8606
906,nominal,-8686
907,nominal,-7647
908,nominal,-8903
909,nominal,-8147
910,nominal,-7129
911,nominal,-6943
912,nominal,-7522
913,nominal,-7470
914,nominal,-7717
915,nominal,-8096
916,nominal,-8751
917,nominal,-7482
918,nominal,-6494
919,nominal,-7820
920,nominal,-8868
921,nominal,-7648
922,nominal,-9224
923,nominal,-7624
924,nominal,-7261
925,nominal,-8068
926,nominal,-6914
927,nominal,-8289
928,nominal,-8775
929,nominal,-7643
930,nominal,-7673
931,nominal,-8962
932,nominal,-8462
933,nominal,-7972
934,nominal,-8332
935,nominal,-7215
936,nominal,-7847
937,nominal,-8550
938,nominal,-8391
939,nominal,-9050
940,nominal,-7762
941,nominal,-7179
942,nominal,-8659
943,nominal,-8209
944,nominal,-8191
945,nominal,-8955
946,nominal,-8519
947,nominal,-8564
948,nominal,-8529
949,nominal,-8508
950,nominal,-8108
951,nominal,-9337
952,nominal,-7921
953,nominal,-7683
954,nominal,-8463
955,nominal,-7271
956,nominal,-8383
957,nominal,-8963
958,nominal,-7642
959,nominal,-8564
960,nominal,-8669
961,nominal,-9182
962,nominal,-8402
963,nominal,-7890
964,nominal,-7407
965,nominal,-7807
966,nominal,-7836
967,nominal,-7678
968,nominal,-8694
969,nominal,-9088
970,nominal,-8740
971,nominal,-8543
972,nominal,-7916
973,nominal,-8105
974,nominal,-9511
975,nominal,-7920
976,nominal,-8894
977,nominal,-8045
978,nominal,-7941
979,nominal,-8382
980,nominal,-8611
981,nominal,-7611
982,nominal,-8805
983,nominal,-8068
984,nominal,-7283
985,nominal,-7793
986,nominal,-7052
987,nominal,-6906
988,nominal,-7404
989,nominal,-8892
990,nominal,-7673
991,nominal,-8092
992,nominal,-8553
993,nominal,-6501
994,nominal,-7697
995,nominal,-8971
996,nominal,-8036
997,nominal,-9019
998,nominal,-7407
999,nominal,-8989
1000,nominal,-8508
1001,nominal,-7011
1002,nominal,-8442
1003,nominal,-9128
1004,nominal,-8970
1005,nominal,-8350
1006,nominal,-8484
1007,nominal,-7225
1008,nominal,-8824
1009,nominal,-7347
1010,nominal,-8097
1011,nominal,-7440
1012,nominal,-7908
1013,nominal,-7939
1014,nominal,-7548
1015,nominal,-8193
1016,nominal,-7527
1017,nominal,-7887
1018,nominal,-7436
1019,nominal,-8578
1020,nominal,-6466
1021,nominal,-7870
1022,nominal,-8350
1023,nominal,-7159
1024,nominal,-9567
1025,nominal,-8383
1026,nominal,-8990
1027,nominal,-7627
1028,nominal,-8260
1029,nominal,-7937
1030,nominal,-6396
1031,nominal,-7963
1032,nominal,-7751
1033,nominal,-9231
1034,nominal,-7560
1035,nominal,-7614
1036,nominal,-6488
1037,nominal,-7779
1038,nominal,-7663
1039,nominal,-7982
1040,nominal,-9488
1041,nominal,-9311
1042,nominal,-7283
1043,nominal,-7773
1044,nominal,-8042
1045,nominal,-8544
1046,nominal,-8140
1047,nominal,-8173
1048,nominal,-8423
1049,nominal,-7769
1050,nominal,-8689
1051,nominal,-8408
1052,nominal,-7845
1053,nominal,-7462
1054,nominal,-8530
1055,nominal,-6826
1056,nominal,-8146
1057,nominal,-8510
1058,nominal,-8103
1059,nominal,-7532
1060,nominal,-7241
1061,nominal,-7401
1062,nominal,-9349
1063,nominal,-6734
1064,nominal,-8152
1065,nominal,-7436
1066,nominal,-7977
1067,nominal,-7762
1068,nominal,-8768
1069,nominal,-7669
1070,nominal,-8535
1071,nominal,-7083
1072,nominal,-7683
1073,nominal,-8417
1074,nominal,-8426
1075,nominal,-8812
1076,nominal,-8489
1077,nominal,-8441
1078,nominal,-9263
1079,nominal,-8130
1080,nominal,-9423
1081,nominal,-7692
1082,nominal,-8070
1083,nominal,-8889
1084,nominal,-8241
1085,nominal,-6884
1086,nominal,-8953
1087,nominal,-8449
1088,nominal,-8459
1089,nominal,-9563
1090,nominal,-8836
1091,nominal,-7900
1092,nominal,-8123
1093,nominal,-7890
1094,nominal,-8128
1095,nominal,-9172
1096,nominal,-8538
1097,nominal,-6975
1098,nominal,-7092
1099,nominal,-8550
1100,nominal,-8506
1101,nominal,-7823
1102,nominal,-7783
1103,nominal,-7203
1104,nominal,-7766
1105,nominal,-9188
1106,nominal,-7593
1107,nominal,-8181
1108,nominal,-7362
1109,nominal,-7270
1110,nominal,-8834
1111,nominal,-7696
1112,nominal,-7108
1113,nominal,-8125
1114,nominal,-8131
1115,nominal,-9220
1116,nominal,-7396
1117,nominal,-7493
1118,nominal,-8600
1119,nominal,-8473
1120,nominal,-7949
1121,nominal,-7400
1122,nominal,-8362
1123,nominal,-8791
1124,nominal,-8468
1125,nominal,-7466
1126,nominal,-8133
1127,nominal,-8894
1128,nominal,-8630
1129,nominal,-8579
1130,nominal,-7906
1131,nominal,-7038
1132,nominal,-7522
1133,nominal,-7899
1134,nominal,-7715
1135,nominal,-8083
1136,nominal,-8459
1137,nominal,-7836
1138,nominal,-7972
1139,nominal,-8235
1140,nominal,-8468
1141,nominal,-8269
1142,nominal,-7779
1143,nominal,-8977
1144,nominal,-8330
1145,nominal,-8110
1146,nominal,-8589
1147,nominal,-7881
1148,nominal,-8100
1149,nominal,-8196
1150,nominal,-8678
1151,nominal,-7257
1152,nominal,-8087
1153,nominal,-6391
1154,nominal,-7708
1155,nominal,-8741
1156,nominal,-8184
1157,nominal,-8373
1158,nominal,-7708
1159,nominal,-8150
1160,nominal,-8357
1161,nominal,-6853
1162,nominal,-7580
1163,nominal,-7781
1164,nominal,-8736
1165,nominal,-9122
1166,nominal,-8268
1167,nominal,-8969
1168,nominal,-9004
1169,nominal,-9112
1170,nominal,-8286
1171,nominal,-8786
1172,nominal,-8113
1173,nominal,-8821
1174,nominal,-7523
1175,nominal,-9824
1176,nominal,-7726
1177,nominal,-9010
1178,nominal,-7896
1179,nominal,-8077
1180,nominal,-7587
1181,nominal,-8172
1182,nominal,-8292
1183,nominal,-8542
1184,nominal,-8281
1185,nominal,-8645
1186,nominal,-7985
1187,nominal,-8433
1188,nominal,-9689
1189,nominal,-8176
1190,nominal,-8352
1191,nominal,-8630
1192,nominal,-8890
1193,nominal,-9109
1194,nominal,-8646
1195,nominal,-7914
1196,nominal,-8185
1197,nominal,-6546
1198,nominal,-7905
1199,nominal,-7101
1200,nominal,-7713
1201,nominal,-7817
1202,nominal,-9460
1203,nominal,-7392
1204,nominal,-8567
1205,nominal,-8644
1206,nominal,-7860
1207,nominal,-7092
1208,nominal,-7469
1209,nominal,-8619
1210,nominal,-7307
1211,nominal,-8011
1212,nominal,-6118
1213,nominal,-8883
1214,nominal,-7616
1215,nominal,-7395
1216,nominal,-8737
1217,nominal,-8142
1218,nominal,-8599
1219,nominal,-8281
1220,nominal,-8950
1221,nominal,-8655
1222,nominal,-7460
1223,nominal,-8906
1224,nominal,-8431
1225,nominal,-8474
1226,nominal,-7034
1227,nominal,-8312
1228,nominal,-7326
1229,nominal,-8468
1230,nominal,-8406
1231,nominal,-8408
1232,nominal,-8569
1233,nominal,-8422
1234,nominal,-7795
1235,nominal,-8294
1236,nominal,-7283
1237,nominal,-7997
1238,nominal,-8511
1239,nominal,-8058
1240,nominal,-7219
1241,nominal,-6741
1242,nominal,-8569
1243,nominal,-8496
1244,nominal,-9359
1245,nominal,-8065
1246,nominal,-6689
1247,nominal,-6740
1248,nominal,-8475
1249,nominal,-7968
1250,nominal,-8086
1251,nominal,-8415
1252,nominal,-8514
1253,nominal,-8164
1254,nominal,-8375
1255,nominal,-8522
1256,nominal,-8159
1257,nominal,-8186
1258,nominal,-9149
1259,nominal,-9703
1260,nominal,-8494
1261,nominal,-7831
1262,nominal,-7966
1263,nominal,-7923
1264,nominal,-9067
1265,nominal,-7396
1266,nominal,-8567
1267,nominal,-7797
1268,nominal,-8508
1269,nominal,-8039
1270,nominal,-9782
1271,nominal,-7707
1272,nominal,-9459
1273,nominal,-7860
1274,nominal,-8213
1275,nominal,-8259
1276,nominal,-9166
1277,nominal,-9115
1278,nominal,-9635
1279,nominal,-8523
1280,nominal,-8175
1281,nominal,-7723
1282,nominal,-7999
1283,nominal,-8499
1284,nominal,-7516
1285,nominal,-7703
1286,nominal,-7539
1287,nominal,-7340
1288,nominal,-7577
1289,nominal,-9101
1290,nominal,-8052
1291,nominal,-7712
1292,nominal,-9457
1293,nominal,-8389
1294,nominal,-8714
1295,nominal,-9236
1296,nominal,-9362
1297,nominal,-8171
1298,nominal,-8346
1299,nominal,-10034
1300,nominal,-7137
1301,nominal,-7744
1302,nominal,-8311
1303,nominal,-7184
1304,nominal,-7948
1305,nominal,-7719
1306,nominal,-7847
1307,nominal,-7699
1308,nominal,-8548
1309,nominal,-8348
1310,nominal,-8633
1311,nominal,-8331
1312,nominal,-7793
1313,nominal,-8139
1314,nominal,-7818
1315,nominal,-8663
1316,nominal,-8342
1317,nominal,-8134
1318,nominal,-7098
1319,nominal,-8248
1320,nominal,-8633
1321,nominal,-9532
1322,nominal,-7137
1323,nominal,-8796
1324,nominal,-8094
1325,nominal,-7112
1326,nominal,-7517
1327,nominal,-8366
1328,nominal,-8636
1329,nominal,-8500
1330,nominal,-8485
1331,nominal,-7954
1332,nominal,-7866
1333,nominal,-7612
1334,nominal,-7057
1335,nominal,-8478
1336,nominal,-7026
1337,nominal,-8928
1338,nominal,-7993
1339,nominal,-9575
1340,nominal,-8112
1341,nominal,-8417
1342,nominal,-7116
1343,nominal,-8272
1344,nominal,-8543
1345,nominal,-7317
1346,nominal,-8096
1347,nominal,-8347
1348,nominal,-9867
1349,nominal,-7205
1350,nominal,-8554
1351,nominal,-6428
1352,nominal,-10139
1353,nominal,-8880
1354,nominal,-8117
1355,nominal,-8704
1356,nominal,-8544
1357,nominal,-7196
1358,nominal,-8762
1359,nominal,-8471
1360,nominal,-8029
1361,nominal,-7780
1362,nominal,-8693
1363,nominal,-8174
1364,nominal,-7805
1365,nominal,-9716
1366,nominal,-8286
1367,nominal,-6971
1368,nominal,-8713
1369,nominal,-9311
1370,nominal,-8925
1371,nominal,-7561
1372,nominal,-9050
1373,nominal,-6861
1374,nominal,-8812
1375,nominal,-8764
1376,nominal,-7095
1377,nominal,-9266
1378,nominal,-8815
1379,nominal,-7735
1380,nominal,-9365
1381,nominal,-8006
1382,nominal,-7924
1383,nominal,-9827
1384,nominal,-8984
1385,nominal,-7949
1386,nominal,-8046
1387,nominal,-7714
1388,nominal,-9295
1389,nominal,-7069
1390,nominal,-8725
1391,nominal,-8654
1392,nominal,-7773
1393,nominal,-8146
1394,nominal,-8710
1395,nominal,-9597
1396,nominal,-8612
1397,nominal,-9090
1398,nominal,-7889
1399,nominal,-7770
1400,nominal,-9187
1401,nominal,-7375
1402,nominal,-8370
1403,nominal,-7501
1404,nominal,-8094
1405,nominal,-7557
1406,nominal,-8149
1407,nominal,-10033
1408,nominal,-8135
1409,nominal,-9053
1410,nominal,-7966
1411,nominal,-7099
1412,nominal,-7174
1413,nominal,-7605
1414,nominal,-8635
1415,nominal,-7968
1416,nominal,-8820
1417,nominal,-9211
1418,nominal,-9045
1419,nominal,-8475
1420,nominal,-6808
1421,nominal,-7798
1422,nominal,-7638
1423,nominal,-8309
1424,nominal,-8536
1425,nominal,-7758
1426,nominal,-8794
1427,nominal,-8924
1428,nominal,-7956
1429,nominal,-9296
1430,nominal,-8290
1431,nominal,-8115
1432,nominal,-8173
1433,nominal,-8282
1434,nominal,-8126
1435,nominal,-8223
1436,nominal,-7108
1437,nominal,-8426
1438,nominal,-8789
1439,nominal,-8102
1440,nominal,-6636
1441,nominal,-7702
1442,nominal,-9025
1443,nominal,-8368
1444,nominal,-7949
1445,nominal,-8919
1446,nominal,-8340
1447,nominal,-9873
1448,nominal,-9231
1449,nominal,-8939
1450,nominal,-8207
1451,nominal,-7645
1452,nominal,-8470
1453,nominal,-7939
1454,nominal,-8956
1455,nominal,-7563
1456,nominal,-7266
1457,nominal,-7812
1458,nominal,-7768
1459,nominal,-7613
1460,nominal,-7510
1461,nominal,-8476
1462,nominal,-9259
1463,nominal,-7734
1464,nominal,-6471
1465,nominal,-8292
1466,nominal,-7539
1467,nominal,-7361
1468,nominal,-9241
1469,nominal,-6877
1470,nominal,-7952
1471,nominal,-8255
1472,nominal,-7531
1473,nominal,-9367
1474,nominal,-7488
1475,nominal,-8376
1476,nominal,-8900
1477,nominal,-8612
1478,nominal,-8550
1479,nominal,-8434
1480,nominal,-7773
1481,nominal,-8678
1482,nominal,-6667
1483,nominal,-7672
1484,nominal,-6943
1485,nominal,-7410
1486,nominal,-8283
1487,nominal,-8236
1488,nominal,-7580
1489,nominal,-7445
1490,nominal,-8090
1491,nominal,-7636
1492,nominal,-8947
1493,nominal,-8166
1494,nominal,-9555
1495,nominal,-8395
1496,nominal,-7827
1497,nominal,-9844
1498,nominal,-8940
1499,nominal,-8137
1500,nominal,-8342
1501,nominal,-7862
1502,nominal,-8030
1503,nominal,-8164
1504,nominal,-7626
1505,nominal,-7738
1506,nominal,-8430
1507,nominal,-8814
1508,nominal,-7279
1509,nominal,-8212
1510,nominal,-8928
1511,nominal,-9820
1512,nominal,-7563
1513,nominal,-7488
1514,nominal,-8000
1515,nominal,-7029
1516,nominal,-7806
1517,nominal,-7684
1518,nominal,-7403
1519,nominal,-7786
1520,nominal,-7882
1521,nominal,-8772
1522,nominal,-7890
1523,nominal,-9500
1524,nominal,-8356
1525,nominal,-8819
1526,nominal,-8882
1527,nominal,-7506
1528,nominal,-8650
1529,nominal,-7665
1530,nominal,-8836
1531,nominal,-7599
1532,nominal,-9443
1533,nominal,-7377
1534,nominal,-7699
1535,nominal,-7911
1536,nominal,-8810
1537,nominal,-8125
1538,nominal,-9206
1539,nominal,-9676
1540,nominal,-8372
1541,nominal,-7391
1542,nominal,-7720
1543,nominal,-8771
1544,nominal,-7373
1545,nominal,-8089
1546,nominal,-8807
1547,nominal,-8008
1548,nominal,-8414
1549,nominal,-8377
1550,nominal,-8230
1551,nominal,-9130
1552,nominal,-8369
1553,nominal,-7931
1554,nominal,-6719
1555,nominal,-7153
1556,nominal,-7683
1557,nominal,-8182
1558,nominal,-8612
1559,nominal,-7611
1560,nominal,-7474
1561,nominal,-8659
1562,nominal,-8293
1563,nominal,-7415
1564,nominal,-7194
1565,nominal,-6712
1566,nominal,-7527
1567,nominal,-6737
1568,nominal,-8887
1569,nominal,-9373
1570,nominal,-8633
1571,nominal,-7988
1572,nominal,-8223
1573,nominal,-7933
1574,nominal,-7792
1575,nominal,-7600
1576,nominal,-8755
1577,nominal,-8514
1578,nominal,-8099
1579,nominal,-8379
1580,nominal,-7646
1581,nominal,-8128
1582,nominal,-9381
1583,nominal,-9110
1584,nominal,-8745
1585,nominal,-8453
1586,nominal,-8294
1587,nominal,-7527
1588,nominal,-8641
1589,nominal,-7753
1590,nominal,-8092
1591,nominal,-9214
1592,nominal,-7863
1593,nominal,-8109
1594,nominal,-7581
1595,nominal,-8691
1596,nominal,-7034
1597,nominal,-8782
1598,nominal,-8170
1599,nominal,-7831
1600,nominal,-8784
1601,nominal,-7286
1602,nominal,-8380
1603,nominal,-7888
1604,nominal,-7964
1605,nominal,-8279
1606,nominal,-8637
1607,nominal,-7743
1608,nominal,-9367
1609,nominal,-7855
1610,nominal,-9131
1611,nominal,-8497
1612,nominal,-9312
1613,nominal,-9169
1614,nominal,-7514
1615,nominal,-7716
1616,nominal,-8508
1617,nominal,-8871
1618,nominal,-7078
1619,nominal,-7837
1620,nominal,-8136
1621,nominal,-8863
1622,nominal,-7717
1623,nominal,-8374
1624,nominal,-8629
1625,nominal,-7352
1626,nominal,-7584
1627,nominal,-8055
1628,nominal,-8938
1629,nominal,-7901
1630,nominal,-8246
1631,nominal,-8500
1632,nominal,-8614
1633,nominal,-8425
1634,nominal,-8027
1635,nominal,-8668
1636,nominal,-9198
1637,nominal,-7022
1638,nominal,-8266
1639,nominal,-7340
1640,nominal,-8295
1641,nominal,-8414
1642,nominal,-8196
1643,nominal,-8250
1644,nominal,-7061
1645,nominal,-8280
1646,nominal,-9014
1647,nominal,-9229
1648,nominal,-8683
1649,nominal,-8992
1650,nominal,-6894
1651,nominal,-6353
1652,nominal,-8507
1653,nominal,-7407
1654,nominal,-8703
1655,nominal,-7851
1656,nominal,-8283
1657,nominal,-7179
1658,nominal,-8825
1659,nominal,-7584
1660,nominal,-7842
1661,nominal,-8904
1662,nominal,-7859
1663,nominal,-7719
1664,nominal,-8846
1665,nominal,-8696
1666,nominal,-7909
1667,nominal,-7790
1668,nominal,-8095
1669,nominal,-9187
1670,nominal,-7375
1671,nominal,-8967
1672,nominal,-6753
1673,nominal,-8176
1674,nominal,-7786
1675,nominal,-7922
1676,nominal,-7462
1677,nominal,-8123
1678,nominal,-8436
1679,nominal,-7547
1680,nominal,-7546
1681,nominal,-8561
1682,nominal,-7321
1683,nominal,-9327
1684,nominal,-7465
1685,nominal,-8535
1686,nominal,-7408
1687,nominal,-7791
1688,nominal,-8085
1689,nominal,-8031
1690,nominal,-8991
1691,nominal,-8308
1692,nominal,-6935
1693,nominal,-8446
1694,nominal,-7601
1695,nominal,-8583
1696,nominal,-8670
1697,nominal,-7806
1698,nominal,-6734
1699,nominal,-8601
1700,nominal,-7698
1701,nominal,-6540
1702,nominal,-8268
1703,nominal,-7983
1704,nominal,-7983
1705,nominal,-8228
1706,nominal,-7772
1707,nominal,-8458
1708,nominal,-5650
1709,nominal,-8574
1710,nominal,-7907
1711,nominal,-8954
1712,nominal,-8248
1713,nominal,-8914
1714,nominal,-9548
1715,nominal,-9042
1716,nominal,-7757
1717,nominal,-8856
1718,nominal,-8636
1719,nominal,-8269
1720,nominal,-8369
1721,nominal,-8612
1722,nominal,-7132
1723,nominal,-8067
1724,nominal,-8823
1725,nominal,-6663
1726,nominal,-7310
1727,nominal,-8541
1728,nominal,-8806
1729,nominal,-8520
1730,nominal,-7820
1731,nominal,-8684
1732,nominal,-7062
1733,nominal,-9433
1734,nominal,-8334
1735,nominal,-8473
1736,nominal,-8853
1737,nominal,-8269
1738,nominal,-8753
1739,nominal,-7206
1740,nominal,-8199
1741,nominal,-9118
1742,nominal,-8662
1743,nominal,-8089
1744,nominal,-8173
1745,nominal,-8594
1746,nominal,-6985
1747,nominal,-7284
1748,nominal,-7100
1749,nominal,-7837
1750,nominal,-7925
1751,nominal,-8474
1752,nominal,-8472
1753,nominal,-8922
1754,nominal,-9414
1755,nominal,-9110
1756,nominal,-7697
1757,nominal,-9062
1758,nominal,-8054
1759,nominal,-7341
1760,nominal,-7279
1761,nominal,-8910
1762,nominal,-7775
1763,nominal,-7831
1764,nominal,-8716
1765,nominal,-9089
1766,nominal,-8077
1767,nominal,-7750
1768,nominal,-7940
1769,nominal,-8411
1770,nominal,-7761
1771,nominal,-8798
1772,nominal,-9183
1773,nominal,-7100
1774,nominal,-7517
1775,nominal,-7777
1776,nominal,-7353
1777,nominal,-7737
1778,nominal,-8933
1779,nominal,-8438
1780,nominal,-7952
1781,nominal,-7262
1782,nominal,-9003
1783,nominal,-6894
1784,nominal,-7812
1785,nominal,-7903
1786,nominal,-8777
1787,nominal,-8436
1788,nominal,-8130
1789,nominal,-8002
1790,nominal,-7978
1791,nominal,-8251
1792,nominal,-8340
1793,nominal,-7030
1794,nominal,-8530
1795,nominal,-5877
1796,nominal,-7957
1797,nominal,-8465
1798,nominal,-7511
1799,nominal,-7060
1800,nominal,-8911
1801,nominal,-6713
1802,nominal,-6610
1803,nominal,-8506
1804,nominal,-8653
1805,nominal,-8819
1806,nominal,-8970
1807,nominal,-8034
1808,nominal,-7857
1809,nominal,-7931
1810,nominal,-7858
1811,nominal,-8096
1812,nominal,-7487
1813,nominal,-7087
1814,nominal,-8822
1815,nominal,-8170
1816,nominal,-8301
1817,nominal,-8817
1818,nominal,-8559
1819,nominal,-8745
1820,nominal,-8816
1821,nominal,-8349
1822,nominal,-7106
1823,nominal,-8434
1824,nominal,-7521
1825,nominal,-8580
1826,nominal,-9085
1827,nominal,-7105
1828,nominal,-6904
1829,nominal,-9263
1830,nominal,-9147
1831,nominal,-8197
1832,nominal,-9384
1833,nominal,-6584
1834,nominal,-7257
1835,nominal,-8025
1836,nominal,-7760
1837,nominal,-8169
1838,nominal,-7711
1839,nominal,-7917
1840,nominal,-7941
1841,nominal,-8220
1842,nominal,-7773
1843,nominal,-8582
1844,nominal,-8681
1845,nominal,-8243
1846,nominal,-8481
1847,nominal,-7999
1848,nominal,-6828
1849,nominal,-7699
1850,nominal,-7954
1851,nominal,-8230
1852,nominal,-7590
1853,nominal,-7993
1854,nominal,-8752
1855,nominal,-9345
1856,nominal,-7853
1857,nominal,-9196
1858,nominal,-7496
1859,nominal,-7519
1860,nominal,-9238
1861,nominal,-7750
1862,nominal,-7443
1863,nominal,-8193
1864,nominal,-8541
1865,nominal,-8813
1866,nominal,-7972
1867,nominal,-8473
1868,nominal,-7864
1869,nominal,-8124
1870,nominal,-8436
1871,nominal,-7919
1872,nominal,-8386
1873,nominal,-7758
1874,nominal,-8528
1875,nominal,-8574
1876,nominal,-7304
1877,nominal,-8777
1878,nominal,-7714
1879,nominal,-6729
1880,nominal,-8342
1881,nominal,-8931
1882,nominal,-9090
1883,nominal,-8631
1884,nominal,-7830
1885,nominal,-8766
1886,nominal,-6428
1887,nominal,-7950
1888,nominal,-7915
1889,nominal,-7443
1890,nominal,-7553
1891,nominal,-7458
1892,nominal,-9259
1893,nominal,-8548
1894,nominal,-9510
1895,nominal,-9085
1896,nominal,-8428
1897,nominal,-8729
1898,nominal,-8212
1899,nominal,-8732
1900,nominal,-7012
1901,nominal,-7105
1902,nominal,-8087
1903,nominal,-8396
1904,nominal,-8427
1905,nominal,-8569
1906,nominal,-7783
1907,nominal,-9014
1908,nominal,-8518
1909,nominal,-8652
1910,nominal,-7263
1911,nominal,-7915
1912,nominal,-8054
1913,nominal,-8218
1914,nominal,-8928
1915,nominal,-7261
1916,nominal,-8126
1917,nominal,-8583
1918,nominal,-9031
1919,nominal,-9107
1920,nominal,-7176
1921,nominal,-8973
1922,nominal,-8022
1923,nominal,-7768
1924,nominal,-8081
1925,nominal,-8495
1926,nominal,-7976
1927,nominal,-7296
1928,nominal,-8303
1929,nominal,-8492
1930,nominal,-8309
1931,nominal,-8775
1932,nominal,-6725
1933,nominal,-8142
1934,nominal,-7696
1935,nominal,-7379
1936,nominal,-8802
1937,nominal,-8761
1938,nominal,-9338
1939,nominal,-7838
1940,nominal,-8330
1941,nominal,-8438
1942,nominal,-6801
1943,nominal,-8797
1944,nominal,-8084
1945,nominal,-8153
1946,nominal,-9310
1947,nominal,-8233
1948,nominal,-7352
1949,nominal,-9019
1950,nominal,-8353
1951,nominal,-8356
1952,nominal,-8259
1953,nominal,-7094
1954,nominal,-7642
1955,nominal,-7921
1956,nominal,-8536
1957,nominal,-8634
1958,nominal,-7820
1959,nominal,-7867
1960,nominal,-8670
1961,nominal,-7206
1962,nominal,-8286
1963,nominal,-8718
1964,nominal,-8490
1965,nominal,-8725
1966,nominal,-8369
1967,nominal,-7757
1968,nominal,-7361
1969,nominal,-7949
1970,nominal,-7802
1971,nominal,-8031
1972,nominal,-8827
1973,nominal,-8018
1974,nominal,-8434
1975,nominal,-7229
1976,nominal,-9247
1977,nominal,-8047
1978,nominal,-9367
1979,nominal,-8947
1980,nominal,-8668
1981,nominal,-8329
1982,nominal,-8450
1983,nominal,-8927
1984,nominal,-7434
1985,nominal,-8922
1986,nominal,-8029
1987,nominal,-8027
1988,nominal,-7088
1989,nominal,-7077
1990,nominal,-8708
1991,nominal,-7097
1992,nominal,-7776
1993,nominal,-8799
1994,nominal,-8558
1995,nominal,-8450
1996,nominal,-7990
1997,nominal,-8674
1998,nominal,-8335
1999,nominal,-9136
2000,nominal,-8896
2001,nominal,-8540
2002,nominal,-7536
2003,nominal,-7743
2004,nominal,-8973
2005,nominal,-8745
2006,nominal,-7371
2007,nominal,-6792
2008,nominal,-7901
2009,nominal,-6628
2010,nominal,-8532
2011,nominal,-6998
2012,nominal,-7821
2013,nominal,-9135
2014,nominal,-7834
2015,nominal,-7817
2016,nominal,-6504
2017,nominal,-6659
2018,nominal,-8515
2019,nominal,-8478
2020,nominal,-7892
2021,nominal,-8228
2022,nominal,-8163
2023,nominal,-8206
2024,nominal,-7491
2025,nominal,-7719
2026,nominal,-7783
2027,nominal,-9016
2028,nominal,-8615
2029,nominal,-8346
2030,nominal,-8458
2031,nominal,-8281
2032,nominal,-8859
2033,nominal,-7471
2034,nominal,-8986
2035,nominal,-8296
2036,nominal,-8594
2037,nominal,-7169
2038,nominal,-8230
2039,nominal,-7373
2040,nominal,-8649
2041,nominal,-7373
2042,nominal,-8067
2043,nominal,-8048
2044,nominal,-8501
2045,nominal,-8200
2046,nominal,-7500
2047,nominal,-7667
2048,nominal,-9184
2049,nominal,-7353
2050,nominal,-8563
2051,nominal,-6516
2052,nominal,-9084
2053,nominal,-8338
2054,nominal,-8476
2055,nominal,-8457
2056,nominal,-9529
2057,nominal,-7947
2058,nominal,-7090
2059,nominal,-8888
2060,nominal,-8092
2061,nominal,-7482
2062,nominal,-7714
2063,nominal,-8826
2064,nominal,-8926
2065,nominal,-7541
2066,nominal,-8041
2067,nominal,-8571
2068,nominal,-7345
2069,nominal,-9259
2070,nominal,-8717
2071,nominal,-9310
2072,nominal,-8200
2073,nominal,-7703
2074,nominal,-8303
2075,nominal,-7921
2076,nominal,-7678
2077,nominal,-8311
2078,nominal,-9186
2079,nominal,-7812
2080,nominal,-8893
2081,nominal,-8581
2082,nominal,-7743
2083,nominal,-8497
2084,nominal,-8017
2085,nominal,-7184
2086,nominal,-8186
2087,nominal,-8592
2088,nominal,-6948
2089,nominal,-7912
2090,nominal,-7944
2091,nominal,-9797
2092,nominal,-9321
2093,nominal,-8733
2094,nominal,-7715
2095,nominal,-8247
2096,nominal,-8380
2097,nominal,-7461
2098,nominal,-8223
2099,nominal,-8345
2100,nominal,-8881
2101,nominal,-7081
2102,nominal,-7530
2103,nominal,-9014
2104,nominal,-9246
2105,nominal,-7745
2106,nominal,-8487
2107,nominal,-8622
2108,nominal,-6861
2109,nominal,-7942
2110,nominal,-7730
2111,nominal,-9261
2112,nominal,-7620
2113,nominal,-8533
2114,nominal,-7709
2115,nominal,-8293
2116,nominal,-8929
2117,nominal,-8796
2118,nominal,-8128
2119,nominal,-7905
2120,nominal,-8845
2121,nominal,-6363
2122,nominal,-9744
2123,nominal,-7585
2124,nominal,-8376
2125,nominal,-7621
2126,nominal,-9187
2127,nominal,-7789
2128,nominal,-7059
2129,nominal,-8578
2130,nominal,-8205
2131,nominal,-8867
2132,nominal,-8501
2133,nominal,-7899
2134,nominal,-8468
2135,nominal,-9373
2136,nominal,-8860
2137,nominal,-8450
2138,nominal,-8823
2139,nominal,-8983
2140,nominal,-8929
2141,nominal,-8158
2142,nominal,-7420
2143,nominal,-7680
2144,nominal,-9455
2145,nominal,-10010
2146,nominal,-9256
2147,nominal,-8688
2148,nominal,-7324
2149,nominal,-6989
2150,nominal,-9173
2151,nominal,-9192
2152,nominal,-8234
2153,nominal,-9418
2154,nominal,-7186
2155,nominal,-9261
2156,nominal,-8288
2157,nominal,-8801
2158,nominal,-7923
2159,nominal,-8391
2160,nominal,-8799
2161,nominal,-7485
2162,nominal,-8953
2163,nominal,-8011
2164,nominal,-7890
2165,nominal,-8746
2166,nominal,-8437
2167,nominal,-9067
2168,nominal,-8931
2169,nominal,-7999
2170,nominal,-8592
2171,nominal,-7749
2172,nominal,-8159
2173,nominal,-8908
2174,nominal,-8546
2175,nominal,-6521
2176,nominal,-8130
2177,nominal,-9140
2178,nominal,-7497
2179,nominal,-7444
2180,nominal,-8614
2181,nominal,-8197
2182,nominal,-7814
2183,nominal,-9171
2184,nominal,-8742
2185,nominal,-8052
2186,nominal,-8462
2187,nominal,-7721
2188,nominal,-8685
2189,nominal,-7140
2190,nominal,-8278
2191,nominal,-9324
2192,nominal,-8154
2193,nominal,-7324
2194,nominal,-9479
2195,nominal,-8166
2196,nominal,-7458
2197,nominal,-8575
2198,nominal,-7236
2199,nominal,-8155
2200,nominal,-8252
2201,nominal,-7793
2202,nominal,-7148
2203,nominal,-8565
2204,nominal,-8201
2205,nominal,-9631
2206,nominal,-8752
2207,nominal,-7753
2208,nominal,-8056
2209,nominal,-7010
2210,nominal,-7942
2211,nominal,-8061
2212,nominal,-8849
2213,nominal,-9659
2214,nominal,-7453
2215,nominal,-8007
2216,nominal,-7945
2217,nominal,-7644
2218,nominal,-8074
2219,nominal,-8791
2220,nominal,-7436
2221,nominal,-8251
2222,nominal,-8144
2223,nominal,-7734
2224,nominal,-8306
2225,nominal,-9156
2226,nominal,-7699
2227,nominal,-7260
2228,nominal,-7896
2229,nominal,-9017
2230,nominal,-7729
2231,nominal,-7765
2232,nominal,-8070
2233,nominal,-8475
2234,nominal,-8585
2235,nominal,-7523
2236,nominal,-8152
2237,nominal,-7233
2238,nominal,-9038
2239,nominal,-8319
2240,nominal,-9109
2241,nominal,-9017
2242,nominal,-7851
2243,nominal,-8488
2244,nominal,-7467
2245,nominal,-8897
2246,nominal,-8947
2247,nominal,-7758
2248,nominal,-9017
2249,nominal,-8467
2250,nominal,-7873
2251,nominal,-8999
2252,nominal,-7587
2253,nominal,-8231
2254,nominal,-7371
2255,nominal,-10008
2256,nominal,-7782
2257,nominal,-8566
2258,nominal,-8075
2259,nominal,-8941
2260,nominal,-7338
2261,nominal,-8620
2262,nominal,-8231
2263,nominal,-8075
2264,nominal,-7054
2265,nominal,-8401
2266,nominal,-8496
2267,nominal,-8030
2268,nominal,-7829
2269,nominal,-8330
2270,nominal,-8075
2271,nominal,-8261
2272,nominal,-8383
2273,nominal,-7996
2274,nominal,-7118
2275,nominal,-8587
2276,nominal,-6986
2277,nominal,-7046
2278,nominal,-8398
2279,nominal,-7895
2280,nominal,-9016
2281,nominal,-8620
2282,nominal,-8259
2283,nominal,-7989
2284,nominal,-5999
2285,nominal,-7018
2286,nominal,-8733
2287,nominal,-8356
2288,nominal,-7450
2289,nominal,-8970
2290,nominal,-7703
2291,nominal,-7601
2292,nominal,-6853
2293,nominal,-8015
2294,nominal,-7592
2295,nominal,-9460
2296,nominal,-8127
2297,nominal,-7624
2298,nominal,-8152
2299,nominal,-8122
2300,nominal,-9221
2301,nominal,-8909
2302,nominal,-7741
2303,nominal,-7728
2304,nominal,-7384
2305,nominal,-7546
2306,nominal,-7252
2307,nominal,-8197
2308,nominal,-7956
2309,nominal,-8099
2310,nominal,-6945
2311,nominal,-6712
2312,nominal,-8889
2313,nominal,-8516
2314,nominal,-7139
2315,nominal,-8998
2316,nominal,-8004
2317,nominal,-8934
2318,nominal,-8694
2319,nominal,-7872
2320,nominal,-8558
2321,nominal,-8441
2322,nominal,-8557
2323,nominal,-6521
2324,nominal,-6748
2325,nominal,-7493
2326,nominal,-8071
2327,nominal,-7413
2328,nominal,-9222
2329,nominal,-8058
2330,nominal,-7753
2331,nominal,-8508
2332,nominal,-9038
2333,nominal,-8921
2334,nominal,-7395
2335,nominal,-9256
2336,nominal,-8151
2337,nominal,-7951
2338,nominal,-7649
2339,nominal,-8409
2340,nominal,-7787
2341,nominal,-8457
2342,nominal,-9026
2343,nominal,-8087
2344,nominal,-9048
2345,nominal,-8131
2346,nominal,-7874
2347,nominal,-7049
2348,nominal,-7782
2349,nominal,-8663
2350,nominal,-8059
2351,nominal,-7889
2352,nominal,-6895
2353,nominal,-8945
2354,nominal,-7874
2355,nominal,-7124
2356,nominal,-7396
2357,nominal,-8857
2358,nominal,-8645
2359,nominal,-7332
2360,nominal,-9007
2361,nominal,-9463
2362,nominal,-8687
2363,nominal,-7082
2364,nominal,-8738
2365,nominal,-10173
2366,nominal,-8534
2367,nominal,-7919
2368,nominal,-8004
2369,nominal,-7815
2370,nominal,-8058
2371,nominal,-7382
2372,nominal,-8621
2373,nominal,-7581
2374,nominal,-8784
2375,nominal,-9200
2376,nominal,-8477
2377,nominal,-7946
2378,nominal,-8396
2379,nominal,-8062
2380,nominal,-7398
2381,nominal,-8912
2382,nominal,-8365
2383,nominal,-7689
2384,nominal,-7539
2385,nominal,-9128
2386,nominal,-8935
2387,nominal,-7939
2388,nominal,-8449
2389,nominal,-7219
2390,nominal,-7308
2391,nominal,-8238
2392,nominal,-6976
2393,nominal,-9291
2394,nominal,-9293
2395,nominal,-7513
2396,nominal,-8880
2397,nominal,-7828
2398,nominal,-8927
2399,nominal,-8609
2400,nominal,-8085
2401,nominal,-8779
2402,nominal,-8105
2403,nominal,-8230
2404,nominal,-8551
2405,nominal,-7247
2406,nominal,-8020
2407,nominal,-8463
2408,nominal,-8103
2409,nominal,-8974
2410,nominal,-9475
2411,nominal,-7787
2412,nominal,-8538
2413,nominal,-9694
2414,nominal,-8062
2415,nominal,-8581
2416,nominal,-8643
2417,nominal,-8606
2418,nominal,-8248
2419,nominal,-7785
2420,nominal,-7249
2421,nominal,-6928
2422,nominal,-7450
2423,nominal,-9562
2424,nominal,-6952
2425,nominal,-8020
2426,nominal,-9218
2427,nominal,-7400
2428,nominal,-8198
2429,nominal,-8778
2430,nominal,-8879
2431,nominal,-7663
2432,nominal,-9098
2433,nominal,-7428
2434,nominal,-8842
2435,nominal,-7840
2436,nominal,-7913
2437,nominal,-8486
2438,nominal,-7450
2439,nominal,-8499
2440,nominal,-9168
2441,nominal,-8750
2442,nominal,-8288
2443,nominal,-7946
2444,nominal,-7440
2445,nominal,-9437
2446,nominal,-8128
2447,nominal,-7837
2448,nominal,-8414
2449,nominal,-7255
2450,nominal,-8984
2451,nominal,-7358
2452,nominal,-8236
2453,nominal,-7764
2454,nominal,-8720
2455,nominal,-7554
2456,nominal,-8422
2457,nominal,-7164
2458,nominal,-9096
2459,nominal,-7023
2460,nominal,-7421
2461,nominal,-9359
2462,nominal,-9152
2463,nominal,-6553
2464,nominal,-8867
2465,nominal,-7686
2466,nominal,-8266
2467,nominal,-7763
2468,nominal,-8226
2469,nominal,-8773
2470,nominal,-7502
2471,nominal,-6948
2472,nominal,-9136
2473,nominal,-8990
2474,nominal,-8666
2475,nominal,-8334
2476,nominal,-6882
2477,nominal,-8011
2478,nominal,-8735
2479,nominal,-8634
2480,nominal,-6961
2481,nominal,-7230
2482,nominal,-8784
2483,nominal,-9770
2484,nominal,-7625
2485,nominal,-6774
2486,nominal,-7398
2487,nominal,-8259
2488,nominal,-7727
2489,nominal,-9121
2490,nominal,-7559
2491,nominal,-8157
2492,nominal,-7690
2493,nominal,-6874
2494,nominal,-9313
2495,nominal,-8378
2496,nominal,-9522
2497,nominal,-8229
2498,nominal,-8177
2499,nominal,-9408
2500,nominal,-8731
2501,nominal,-8474
2502,nominal,-7802
2503,nominal,-7735
2504,nominal,-9625
2505,nominal,-8713
2506,nominal,-8488
2507,nominal,-6877
2508,nominal,-8466
2509,nominal,-9099
2510,nominal,-8448
2511,nominal,-8307
2512,nominal,-8218
2513,nominal,-7156
2514,nominal,-6848
2515,nominal,-8598
2516,nominal,-8479
2517,nominal,-8685
2518,nominal,-6495
2519,nominal,-7137
2520,nominal,-6794
2521,nominal,-8067
2522,nominal,-7556
2523,nominal,-8788
2524,nominal,-9003
2525,nominal,-8163
2526,nominal,-8455
2527,nominal,-7500
2528,nominal,-7422
2529,nominal,-8652
2530,nominal,-8546
2531,nominal,-7749
2532,nominal,-8610
2533,nominal,-8066
2534,nominal,-8095
2535,nominal,-8985
2536,nominal,-7574
2537,nominal,-7294
2538,nominal,-10035
2539,nominal,-9989
2540,nominal,-6728
2541,nominal,-7141
2542,nominal,-8339
2543,nominal,-8684
2544,nominal,-7815
2545,nominal,-8689
2546,nominal,-9237
2547,nominal,-8269
2548,nominal,-8448
2549,nominal,-9281
2550,nominal,-7856
2551,nominal,-7577
2552,nominal,-7244
2553,nominal,-8803
2554,nominal,-8383
2555,nominal,-8071
2556,nominal,-10090
2557,nominal,-8409
2558,nominal,-7771
2559,nominal,-8962
2560,nominal,-8066
2561,nominal,-6868
2562,nominal,-8888
2563,nominal,-7443
2564,nominal,-8084
2565,nominal,-8440
2566,nominal,-7704
2567,nominal,-6885
2568,nominal,-7667
2569,nominal,-8424
2570,nominal,-8319
2571,nominal,-9018
2572,nominal,-7970
2573,nominal,-7901
2574,nominal,-9197
2575,nominal,-7798
2576,nominal,-8623
2577,nominal,-6687
2578,nominal,-6536
2579,nominal,-7282
2580,nominal,-7602
2581,nominal,-7736
2582,nominal,-8510
2583,nominal,-7602
2584,nominal,-9383
2585,nominal,-7756
2586,nominal,-7879
2587,nominal,-8474
2588,nominal,-9028
2589,nominal,-8877
2590,nominal,-7904
2591,nominal,-8534
2592,nominal,-8139
2593,nominal,-7914
2594,nominal,-8814
2595,nominal,-8378
2596,nominal,-7707
2597,nominal,-8444
2598,nominal,-7588
2599,nominal,-8603
2600,nominal,-7397
2601,nominal,-9000
2602,nominal,-8388
2603,nominal,-9315
2604,nominal,-8922
2605,nominal,-9112
2606,nominal,-8365
2607,nominal,-7922
2608,nominal,-7428
2609,nominal,-8451
2610,nominal,-8133
2611,nominal,-7274
2612,nominal,-7488
2613,nominal,-7485
2614,nominal,-7413
2615,nominal,-8607
2616,nominal,-8153
2617,nominal,-9219
2618,nominal,-9098
2619,nominal,-7968
2620,nominal,-7060
2621,nominal,-7499
2622,nominal,-7158
2623,nominal,-7846
2624,nominal,-8348
2625,nominal,-10132
2626,nominal,-7143
2627,nominal,-9196
2628,nominal,-8610
2629,nominal,-7930
2630,nominal,-8424
2631,nominal,-8643
2632,nominal,-7422
2633,nominal,-9744
2634,nominal,-8994
2635,nominal,-7688
2636,nominal,-8025
2637,nominal,-8732
2638,nominal,-7326
2639,nominal,-9014
2640,nominal,-7427
2641,nominal,-7380
2642,nominal,-9108
2643,nominal,-8066
2644,nominal,-6790
2645,nominal,-8074
2646,nominal,-8031
2647,nominal,-8293
2648,nominal,-7297
2649,nominal,-7072
2650,nominal,-7711
2651,nominal,-8616
2652,nominal,-7847
2653,nominal,-7982
2654,nominal,-7497
2655,nominal,-6333
2656,nominal,-7289
2657,nominal,-8532
2658,nominal,-7670
2659,nominal,-7645
2660,nominal,-8991
2661,nominal,-8267
2662,nominal,-8388
2663,nominal,-8859
2664,nominal,-8701
2665,nominal,-9409
2666,nominal,-8650
2667,nominal,-9026
2668,nominal,-7838
2669,nominal,-8478
2670,nominal,-9536
2671,nominal,-8515
2672,nominal,-7254
2673,nominal,-8352
2674,nominal,-8516
2675,nominal,-7050
2676,nominal,-8634
2677,nominal,-8275
2678,nominal,-7360
2679,nominal,-8141
2680,nominal,-7168
2681,nominal,-9561
2682,nominal,-8352
2683,nominal,-9333
2684,nominal,-8414
2685,nominal,-7735
2686,nominal,-8423
2687,nominal,-8525
2688,nominal,-8094
2689,nominal,-6717
2690,nominal,-7263
2691,nominal,-8681
2692,nominal,-7690
2693,nominal,-7805
2694,nominal,-8105
2695,nominal,-7618
2696,nominal,-8507
2697,nominal,-8420
2698,nominal,-8622
2699,nominal,-8647
2700,nominal,-8211
2701,nominal,-8863
2702,nominal,-7451
2703,nominal,-7767
2704,nominal,-7775
2705,nominal,-8035
2706,nominal,-8812
2707,nominal,-8344
2708,nominal,-7381
2709,nominal,-8364
2710,nominal,-6722
2711,nominal,-7637
2712,nominal,-9073
2713,nominal,-7452
2714,nominal,-8441
2715,nominal,-7692
2716,nominal,-8916
2717,nominal,-10024
2718,nominal,-7790
2719,nominal,-7969
2720,nominal,-8343
2721,nominal,-8982
2722,nominal,-9589
2723,nominal,-9315
2724,nominal,-8340
2725,nominal,-8177
2726,nominal,-8375
2727,nominal,-8408
2728,nominal,-6478
2729,nominal,-8603
2730,nominal,-8760
2731,nominal,-6592
2732,nominal,-8804
2733,nominal,-8357
2734,nominal,-8503
2735,nominal,-8864
2736,nominal,-7489
2737,nominal,-9726
2738,nominal,-8632
2739,nominal,-8665
2740,nominal,-8469
2741,nominal,-9030
2742,nominal,-7443
2743,nominal,-7906
2744,nominal,-7537
2745,nominal,-8402
2746,nominal,-7247
2747,nominal,-9184
2748,nominal,-8595
2749,nominal,-8060
2750,nominal,-7859
2751,nominal,-8980
2752,nominal,-7530
2753,nominal,-7512
2754,nominal,-7336
2755,nominal,-7661
2756,nominal,-8175
2757,nominal,-8783
2758,nominal,-10171
2759,nominal,-8475
2760,nominal,-8280
2761,nominal,-8142
2762,nominal,-6507
2763,nominal,-9147
2764,nominal,-9356
2765,nominal,-6977
2766,nominal,-7989
2767,nominal,-7677
2768,nominal,-7156
2769,nominal,-7638
2770,nominal,-7237
2771,nominal,-7469
2772,nominal,-7668
2773,nominal,-10011
2774,nominal,-7471
2775,nominal,-8930
2776,nominal,-8612
2777,nominal,-7097
2778,nominal,-8482
2779,nominal,-8576
2780,nominal,-7683
2781,nominal,-6839
2782,nominal,-8021
2783,nominal,-8636
2784,nominal,-7527
2785,nominal,-8004
2786,nominal,-7670
2787,nominal,-8544
2788,nominal,-8690
2789,nominal,-9583
2790,nominal,-9351
2791,nominal,-7793
2792,nominal,-9270
2793,nominal,-7882
2794,nominal,-7400
2795,nominal,-8107
2796,nominal,-6786
2797,nominal,-8112
2798,nominal,-8250
2799,nominal,-8022
2800,nominal,-7572
2801,nominal,-8442
2802,nominal,-8425
2803,nominal,-7903
2804,nominal,-7821
2805,nominal,-7505
2806,nominal,-8065
2807,nominal,-8443
2808,nominal,-8726
2809,nominal,-8425
2810,nominal,-8686
2811,nominal,-7436
2812,nominal,-8171
2813,nominal,-6755
2814,nominal,-7822
2815,nominal,-7963
2816,nominal,-8439
2817,nominal,-7815
2818,nominal,-8755
2819,nominal,-8035
2820,nominal,-8701
2821,nominal,-8405
2822,nominal,-8694
2823,nominal,-8757
2824,nominal,-9398
2825,nominal,-9602
2826,nominal,-7034
2827,nominal,-7318
2828,nominal,-6492
2829,nominal,-7660
2830,nominal,-7657
2831,nominal,-8671
2832,nominal,-7940
2833,nominal,-8044
2834,nominal,-8209
2835,nominal,-8301
2836,nominal,-9015
2837,nominal,-9249
2838,nominal,-8157
2839,nominal,-7782
2840,nominal,-8186
2841,nominal,-8624
2842,nominal,-7642
2843,nominal,-7960
2844,nominal,-7898
2845,nominal,-6578
2846,nominal,-7594
2847,nominal,-8140
2848,nominal,-8322
2849,nominal,-8021
2850,nominal,-7281
2851,nominal,-8114
2852,nominal,-7900
2853,nominal,-7999
2854,nominal,-8383
2855,nominal,-9247
2856,nominal,-7865
2857,nominal,-7712
2858,nominal,-7403
2859,nominal,-7825
2860,nominal,-9343
2861,nominal,-8679
2862,nominal,-7793
2863,nominal,-9614
2864,nominal,-8236
2865,nominal,-8351
2866,nominal,-7730
2867,nominal,-8329
2868,nominal,-7626
2869,nominal,-8090
2870,nominal,-7882
2871,nominal,-7567
2872,nominal,-7578
2873,nominal,-8446
2874,nominal,-9042
2875,nominal,-7898
2876,nominal,-8231
2877,nominal,-6847
2878,nominal,-8579
2879,nominal,-7980
2880,nominal,-8952
2881,nominal,-7443
2882,nominal,-7803
2883,nominal,-8809
2884,nominal,-7446
2885,nominal,-7443
2886,nominal,-7749
2887,nominal,-8495
2888,nominal,-7512
2889,nominal,-8230
2890,nominal,-8223
2891,nominal,-9093
2892,nominal,-8309
2893,nominal,-8483
2894,nominal,-9452
2895,nominal,-7939
2896,nominal,-7219
2897,nominal,-8388
2898,nominal,-8384
2899,nominal,-8199
2900,nominal,-8283
2901,nominal,-8491
2902,nominal,-9485
2903,nominal,-8267
2904,nominal,-8291
2905,nominal,-9698
2906,nominal,-8088
2907,nominal,-9164
2908,nominal,-7154
2909,nominal,-7713
2910,nominal,-8969
2911,nominal,-9335
2912,nominal,-8168
2913,nominal,-7470
2914,nominal,-7603
2915,nominal,-8691
2916,nominal,-9037
2917,nominal,-6809
2918,nominal,-9756
2919,nominal,-8799
2920,nominal,-9353
2921,nominal,-8797
2922,nominal,-9860
2923,nominal,-7474
2924,nominal,-8616
2925,nominal,-8314
2926,nominal,-8526
2927,nominal,-8575
2928,nominal,-6745
2929,nominal,-8202
2930,nominal,-8125
2931,nominal,-7756
2932,nominal,-7724
2933,nominal,-8016
2934,nominal,-8611
2935,nominal,-9058
2936,nominal,-8974
2937,nominal,-8878
2938,nominal,-8270
2939,nominal,-7687
2940,nominal,-8920
2941,nominal,-8843
2942,nominal,-6907
2943,nominal,-7850
2944,nominal,-8906
2945,nominal,-7621
2946,nominal,-7484
2947,nominal,-7667
2948,nominal,-7537
2949,nominal,-7707
2950,nominal,-8771
2951,nominal,-7448
2952,nominal,-7883
2953,nominal,-6310
2954,nominal,-9447
2955,nominal,-8588
2956,nominal,-7790
2957,nominal,-8044
2958,nominal,-8326
2959,nominal,-8638
2960,nominal,-8736
2961,nominal,-7676
2962,nominal,-8411
2963,nominal,-8374
2964,nominal,-8748
2965,nominal,-7342
2966,nominal,-9527
2967,nominal,-8676
2968,nominal,-8929
2969,nominal,-7527
2970,nominal,-7273
2971,nominal,-8540
2972,nominal,-8323
2973,nominal,-7365
2974,nominal,-8259
2975,nominal,-8385
2976,nominal,-8169
2977,nominal,-8081
2978,nominal,-7770
2979,nominal,-8422
2980,nominal,-9279
2981,nominal,-7639
2982,nominal,-9381
2983,nominal,-8597
2984,nominal,-8853
2985,nominal,-8369
2986,nominal,-8193
2987,nominal,-8065
2988,nominal,-7965
2989,nominal,-8891
2990,nominal,-8271
2991,nominal,-8908
2992,nominal,-7126
2993,nominal,-8350
2994,nominal,-8299
2995,nominal,-7937
2996,nominal,-7967
2997,nominal,-8488
2998,nominal,-8379
2999,nominal,-7077
3000,nominal,-7115
3001,nominal,-7601
3002,nominal,-8036
3003,nominal,-9379
3004,nominal,-9061
3005,nominal,-7571
3006,nominal,-8323
3007,nominal,-8483
3008,nominal,-7528
3009,nominal,-7518
3010,nominal,-7003
3011,nominal,-8459
3012,nominal,-8817
3013,nominal,-8995
3014,nominal,-8561
3015,nominal,-8952
3016,nominal,-8726
3017,nominal,-7695
3018,nominal,-8953
3019,nominal,-9316
3020,nominal,-7959
3021,nominal,-7766
3022,nominal,-7452
3023,nominal,-8306
3024,nominal,-8881
3025,nominal,-8928
3026,nominal,-7858
3027,nominal,-7784
3028,nominal,-8118
3029,nominal,-9200
3030,nominal,-9509
3031,nominal,-9241
3032,nominal,-7895
3033,nominal,-8321
3034,nominal,-8896
3035,nominal,-9558
3036,nominal,-8246
3037,nominal,-8777
3038,nominal,-6997
3039,nominal,-8902
3040,nominal,-8895
3041,nominal,-8325
3042,nominal,-7233
3043,nominal,-8097
3044,nominal,-8512
3045,nominal,-8699
3046,nominal,-6805
3047,nominal,-8946
3048,nominal,-7470
3049,nominal,-6473
3050,nominal,-6628
3051,nominal,-7551
3052,nominal,-8956
3053,nominal,-7333
3054,nominal,-9104
3055,nominal,-7142
3056,nominal,-7472
3057,nominal,-8639
3058,nominal,-8243
3059,nominal,-8676
3060,nominal,-7862
3061,nominal,-8405
3062,nominal,-7295
3063,nominal,-7749
3064,nominal,-7717
3065,nominal,-6700
3066,nominal,-7807
3067,nominal,-9031
3068,nominal,-7134
3069,nominal,-7322
3070,nominal,-8886
3071,nominal,-7878
3072,nominal,-8390
3073,nominal,-9256
3074,nominal,-8655
3075,nominal,-7921
3076,nominal,-6770
3077,nominal,-8067
3078,nominal,-9248
3079,nominal,-8842
3080,nominal,-7800
3081,nominal,-8523
3082,nominal,-8435
3083,nominal,-8686
3084,nominal,-8326
3085,nominal,-9003
3086,nominal,-8367
3087,nominal,-7983
3088,nominal,-7416
3089,nominal,-8409
3090,nominal,-6068
3091,nominal,-8625
3092,nominal,-7732
3093,nominal,-8979
3094,nominal,-7803
3095,nominal,-8157
3096,nominal,-8554
3097,nominal,-7471
3098,nominal,-8118
3099,nominal,-7919
3100,nominal,-6953
3101,nominal,-7163
3102,nominal,-8923
3103,nominal,-8369
3104,nominal,-8331
3105,nominal,-6916
3106,nominal,-8045
3107,nominal,-8157
3108,nominal,-7992
3109,nominal,-7792
3110,nominal,-8088
3111,nominal,-8015
3112,nominal,-9074
3113,nominal,-7471
3114,nominal,-9140
3115,nominal,-7353
3116,nominal,-8642
3117,nominal,-8696
3118,nominal,-9406
3119,nominal,-6592
3120,nominal,-7614
3121,nominal,-7507
3122,nominal,-8187
3123,nominal,-8385
3124,nominal,-7947
3125,nominal,-8609
3126,nominal,-7375
3127,nominal,-6889
3128,nominal,-8141
3129,nominal,-7965
3130,nominal,-7860
3131,nominal,-7938
3132,nominal,-8450
3133,nominal,-7562
3134,nominal,-8019
3135,nominal,-8469
3136,nominal,-9163
3137,nominal,-9106
3138,nominal,-6364
3139,nominal,-7063
3140,nominal,-8098
3141,nominal,-8698
3142,nominal,-9121
3143,nominal,-8066
3144,nominal,-7926
3145,nominal,-8479
3146,nominal,-7021
3147,nominal,-9179
3148,nominal,-6848
3149,nominal,-7851
3150,nominal,-9519
3151,nominal,-8775
3152,nominal,-9662
3153,nominal,-8557
3154,nominal,-7525
3155,nominal,-8303
3156,nominal,-8382
3157,nominal,-8124
3158,nominal,-7403
3159,nominal,-8520
3160,nominal,-7379
3161,nominal,-8817
3162,nominal,-7995
3163,nominal,-7980
3164,nominal,-8813
3165,nominal,-7555
3166,nominal,-8882
3167,nominal,-8105
3168,nominal,-7667
3169,nominal,-6947
3170,nominal,-8523
3171,nominal,-7962
3172,nominal,-9126
3173,nominal,-8303
3174,nominal,-8933
3175,nominal,-9183
3176,nominal,-7393
3177,nominal,-8510
3178,nominal,-8573
3179,nominal,-9218
3180,nominal,-8525
3181,nominal,-8524
3182,nominal,-8004
3183,nominal,-8877
3184,nominal,-8756
3185,nominal,-8010
3186,nominal,-7935
3187,nominal,-9708
3188,nominal,-8097
3189,nominal,-7139
3190,nominal,-7732
3191,nominal,-7268
3192,nominal,-7769
3193,nominal,-8774
3194,nominal,-8215
3195,nominal,-8275
3196,nominal,-8362
3197,nominal,-8829
3198,nominal,-6758
3199,nominal,-7063
3200,nominal,-8931
3201,nominal,-7700
3202,nominal,-8322
3203,nominal,-7551
3204,nominal,-8746
3205,nominal,-9456
3206,nominal,-6774
3207,nominal,-8196
3208,nominal,-8141
3209,nominal,-6988
3210,nominal,-8540
3211,nominal,-8241
3212,nominal,-7640
3213,nominal,-7960
3214,nominal,-8172
3215,nominal,-8676
3216,nominal,-8420
3217,nominal,-8622
3218,nominal,-9133
3219,nominal,-8887
3220,nominal,-8120
3221,nominal,-8263
3222,nominal,-7355
3223,nominal,-7958
3224,nominal,-8470
3225,nominal,-7780
3226,nominal,-7710
3227,nominal,-8236
3228,nominal,-7957
3229,nominal,-7529
3230,nominal,-7861
3231,nominal,-7999
3232,nominal,-8300
3233,nominal,-8386
3234,nominal,-8259
3235,nominal,-6858
3236,nominal,-8532
3237,nominal,-8416
3238,nominal,-7106
3239,nominal,-7835
3240,nominal,-7854
3241,nominal,-7861
3242,nominal,-8203
3243,nominal,-7723
3244,nominal,-8017
3245,nominal,-7243
3246,nominal,-8803
3247,nominal,-8763
3248,nominal,-8528
3249,nominal,-9032
3250,nominal,-6705
3251,nominal,-8190
3252,nominal,-6744
3253,nominal,-8850
3254,nominal,-6892
3255,nominal,-8480
3256,nominal,-8401
3257,nominal,-8411
3258,nominal,-8032
3259,nominal,-8307
3260,nominal,-7929
3261,nominal,-7731
3262,nominal,-8956
3263,nominal,-6925
3264,nominal,-7840
3265,nominal,-10067
3266,nominal,-7012
3267,nominal,-7308
3268,nominal,-8839
3269,nominal,-7562
3270,nominal,-7301
3271,nominal,-8115
3272,nominal,-8752
3273,nominal,-7408
3274,nominal,-9353
3275,nominal,-7910
3276,nominal,-7232
3277,nominal,-7746
3278,nominal,-8373
3279,nominal,-7859
3280,nominal,-8606
3281,nominal,-8067
3282,nominal,-8203
3283,nominal,-7597
3284,nominal,-7721
3285,nominal,-7909
3286,nominal,-8583
3287,nominal,-8054
3288,nominal,-7881
3289,nominal,-7698
3290,nominal,-7281
3291,nominal,-7378
3292,nominal,-8864
3293,nominal,-8820
3294,nominal,-7930
3295,nominal,-8786
3296,nominal,-8335
3297,nominal,-7940
3298,nominal,-7617
3299,nominal,-7395
3300,nominal,-8939
3301,nominal,-7919
3302,nominal,-7288
3303,nominal,-6825
3304,nominal,-8196
3305,nominal,-8080
3306,nominal,-8369
3307,nominal,-8312
3308,nominal,-7462
3309,nominal,-8463
3310,nominal,-7119
3311,nominal,-8432
3312,nominal,-7957
3313,nominal,-7875
3314,nominal,-7396
3315,nominal,-7171
3316,nominal,-8561
3317,nominal,-6987
3318,nominal,-8212
3319,nominal,-8616
3320,nominal,-8556
3321,nominal,-7764
3322,nominal,-8069
3323,nominal,-7703
3324,nominal,-7651
3325,nominal,-7380
3326,nominal,-8621
3327,nominal,-8385
3328,nominal,-7675
3329,nominal,-7553
3330,nominal,-7975
3331,nominal,-7431
3332,nominal,-8301
3333,nominal,-6935
3334,nominal,-8139
3335,nominal,-7476
3336,nominal,-8539
3337,nominal,-8296
3338,nominal,-7352
3339,nominal,-9007
3340,nominal,-7960
3341,nominal,-8125
3342,nominal,-9191
3343,nominal,-8718
3344,nominal,-8478
3345,nominal,-8870
3346,nominal,-7605
3347,nominal,-9083
3348,nominal,-7264
3349,nominal,-6446
3350,nominal,-7261
3351,nominal,-8334
3352,nominal,-9064
3353,nominal,-8008
3354,nominal,-8355
3355,nominal,-8440
3356,nominal,-8177
3357,nominal,-8920
3358,nominal,-9098
3359,nominal,-8042
3360,nominal,-8344
3361,nominal,-9500
3362,nominal,-8595
3363,nominal,-8138
3364,nominal,-7768
3365,nominal,-6977
3366,nominal,-7623
3367,nominal,-7581
3368,nominal,-7996
3369,nominal,-7704
3370,nominal,-9619
3371,nominal,-9014
3372,nominal,-7526
3373,nominal,-8624
3374,nominal,-8580
3375,nominal,-8866
3376,nominal,-8815
3377,nominal,-9100
3378,nominal,-8460
3379,nominal,-9213
3380,nominal,-8542
3381,nominal,-8973
3382,nominal,-7689
3383,nominal,-8317
3384,nominal,-8789
3385,nominal,-8441
3386,nominal,-7472
3387,nominal,-9375
3388,nominal,-9014
3389,nominal,-8351
3390,nominal,-8189
3391,nominal,-8009
3392,nominal,-8065
3393,nominal,-7978
3394,nominal,-8753
3395,nominal,-9000
3396,nominal,-8640
3397,nominal,-8400
3398,nominal,-6813
3399,nominal,-7371
3400,nominal,-7799
3401,nominal,-6844
3402,nominal,-9246
3403,nominal,-8032
3404,nominal,-7891
3405,nominal,-7043
3406,nominal,-9100
3407,nominal,-7403
3408,nominal,-9168
3409,nominal,-8413
3410,nominal,-9449
3411,nominal,-7013
3412,nominal,-7166
3413,nominal,-8785
3414,nominal,-8694
3415,nominal,-8029
3416,nominal,-8729
3417,nominal,-8833
3418,nominal,-9514
3419,nominal,-7724
3420,nominal,-7341
3421,nominal,-8600
3422,nominal,-8798
3423,nominal,-8802
3424,nominal,-7589
3425,nominal,-6694
3426,nominal,-7890
3427,nominal,-8020
3428,nominal,-8024
3429,nominal,-7883
3430,nominal,-6345
3431,nominal,-8141
3432,nominal,-7676
3433,nominal,-7612
3434,nominal,-8088
3435,nominal,-8138
3436,nominal,-9382
3437,nominal,-8223
3438,nominal,-9105
3439,nominal,-7235
3440,nominal,-8298
3441,nominal,-8264
3442,nominal,-6739
3443,nominal,-7326
3444,nominal,-8593
3445,nominal,-8187
3446,nominal,-8687
3447,nominal,-8408
3448,nominal,-8570
3449,nominal,-8065
3450,nominal,-7790
3451,nominal,-7977
3452,nominal,-7951
3453,nominal,-8503
3454,nominal,-6634
3455,nominal,-8515
3456,nominal,-7743
3457,nominal,-7871
3458,nominal,-8169
3459,nominal,-9764
3460,nominal,-8250
3461,nominal,-7758
3462,nominal,-7359
3463,nominal,-8032
3464,nominal,-7852
3465,nominal,-7796
3466,nominal,-9126
3467,nominal,-6575
3468,nominal,-8330
3469,nominal,-9099
3470,nominal,-8585
3471,nominal,-7704
3472,nominal,-8430
3473,nominal,-7763
3474,nominal,-8970
3475,nominal,-8177
3476,nominal,-7702
3477,nominal,-7596
3478,nominal,-7294
3479,nominal,-8004
3480,nominal,-8155
3481,nominal,-7975
3482,nominal,-7787
3483,nominal,-8145
3484,nominal,-7803
3485,nominal,-7906
3486,nominal,-7056
3487,nominal,-7756
3488,nominal,-9568
3489,nominal,-7887
3490,nominal,-8715
3491,nominal,-8775
3492,nominal,-7033
3493,nominal,-7324
3494,nominal,-7324
3495,nominal,-8372
3496,nominal,-8196
3497,nominal,-8817
3498,nominal,-8635
3499,nominal,-9066
3500,nominal,-9011
3501,nominal,-8781
3502,nominal,-8021
3503,nominal,-8236
3504,nominal,-8540
3505,nominal,-8032
3506,nominal,-9778
3507,nominal,-8472
3508,nominal,-7265
3509,nominal,-8690
3510,nominal,-8194
3511,nominal,-8078
3512,nominal,-7332
3513,nominal,-10366
3514,nominal,-7696
3515,nominal,-9034
3516,nominal,-7580
3517,nominal,-8131
3518,nominal,-7968
3519,nominal,-8799
3520,nominal,-7405
3521,nominal,-8306
3522,nominal,-7348
3523,nominal,-7666
3524,nominal,-7802
3525,nominal,-8138
3526,nominal,-7751
3527,nominal,-8308
3528,nominal,-6816
3529,nominal,-8455
3530,nominal,-9485
3531,nominal,-8720
3532,nominal,-8298
3533,nominal,-7836
3534,nominal,-7795
3535,nominal,-8640
3536,nominal,-7822
3537,nominal,-6321
3538,nominal,-7325
3539,nominal,-8504
3540,nominal,-7678
3541,nominal,-7371
3542,nominal,-7150
3543,nominal,-8922
3544,nominal,-8122
3545,nominal,-7999
3546,nominal,-7344
3547,nominal,-8692
3548,nominal,-8134
3549,nominal,-7616
3550,nominal,-8032
3551,nominal,-8286
3552,nominal,-8388
3553,nominal,-7391
3554,nominal,-7408
3555,nominal,-7533
3556,nominal,-8324
3557,nominal,-9408
3558,nominal,-8559
3559,nominal,-8900
3560,nominal,-7702
3561,nominal,-6952
3562,nominal,-8634
3563,nominal,-7334
3564,nominal,-6897
3565,nominal,-8035
3566,nominal,-7249
3567,nominal,-9025
3568,nominal,-8273
3569,nominal,-7969
3570,nominal,-8116
3571,nominal,-8914
3572,nominal,-8059
3573,nominal,-7875
3574,nominal,-7328
3575,nominal,-6411
3576,nominal,-9412
3577,nominal,-7129
3578,nominal,-7994
3579,nominal,-8260
3580,nominal,-8593
3581,nominal,-8093
3582,nominal,-7341
3583,nominal,-8119
3584,nominal,-8602
3585,nominal,-8154
3586,nominal,-8301
3587,nominal,-8219
3588,nominal,-8568
3589,nominal,-7849
3590,nominal,-8042
3591,nominal,-7900
3592,nominal,-7524
3593,nominal,-8054
3594,nominal,-8501
3595,nominal,-8252
3596,nominal,-9011
3597,nominal,-8033
3598,nominal,-8720
3599,nominal,-6895
3600,nominal,-6980
3601,nominal,-8733
3602,nominal,-8335
3603,nominal,-8374
3604,nominal,-8544
3605,nominal,-7929
3606,nominal,-8385
3607,nominal,-7924
3608,nominal,-8483
3609,nominal,-8541
3610,nominal,-8874
3611,nominal,-7217
3612,nominal,-7677
3613,nominal,-8108
3614,nominal,-7343
3615,nominal,-8443
3616,nominal,-8778
3617,nominal,-8679
3618,nominal,-7436
3619,nominal,-8537
3620,nominal,-9042
3621,nominal,-8699
3622,nominal,-8400
3623,nominal,-7193
3624,nominal,-7385
3625,nominal,-7561
3626,nominal,-8916
3627,nominal,-9519
3628,nominal,-8740
3629,nominal,-7540
3630,nominal,-9214
3631,nominal,-7639
3632,nominal,-9689
3633,nominal,-8095
3634,nominal,-8698
3635,nominal,-8761
3636,nominal,-8475
3637,nominal,-6516
3638,nominal,-8954
3639,nominal,-8737
3640,nominal,-7033
3641,nominal,-9211
3642,nominal,-8058
3643,nominal,-7161
3644,nominal,-7820
3645,nominal,-8553
3646,nominal,-8772
3647,nominal,-8172
3648,nominal,-7570
3649,nominal,-8101
3650,nominal,-7622
3651,nominal,-7888
3652,nominal,-7775
3653,nominal,-8119
3654,nominal,-7452
3655,nominal,-8509
3656,nominal,-8377
3657,nominal,-8225
3658,nominal,-8344
3659,nominal,-7469
3660,nominal,-8793
3661,nominal,-8815
3662,nominal,-6786
3663,nominal,-7411
3664,nominal,-7995
3665,nominal,-8336
3666,nominal,-8545
3667,nominal,-9140
3668,nominal,-8843
3669,nominal,-8581
3670,nominal,-7312
3671,nominal,-9151
3672,nominal,-8758
3673,nominal,-8783
3674,nominal,-8107
3675,nominal,-7150
3676,nominal,-8398
3677,nominal,-8184
3678,nominal,-7092
3679,nominal,-8648
3680,nominal,-9216
3681,nominal,-8392
3682,nominal,-7985
3683,nominal,-8655
3684,nominal,-7809
3685,nominal,-7609
3686,nominal,-8712
3687,nominal,-8449
3688,nominal,-8924
3689,nominal,-8813
3690,nominal,-6843
3691,nominal,-8197
3692,nominal,-7954
3693,nominal,-8314
3694,nominal,-8824
3695,nominal,-7956
3696,nominal,-7931
3697,nominal,-10079
3698,nominal,-9114
3699,nominal,-7798
3700,nominal,-7869
3701,nominal,-6591
3702,nominal,-7524
3703,nominal,-7856
3704,nominal,-8576
3705,nominal,-7427
3706,nominal,-8867
3707,nominal,-8623
3708,nominal,-8737
3709,nominal,-8076
3710,nominal,-7815
3711,nominal,-8126
3712,nominal,-8974
3713,nominal,-7401
3714,nominal,-8876
3715,nominal,-8284
3716,nominal,-8233
3717,nominal,-9273
3718,nominal,-6849
3719,nominal,-7007
3720,nominal,-7659
3721,nominal,-7446
3722,nominal,-7287
3723,nominal,-8242
3724,nominal,-9210
3725,nominal,-9909
3726,nominal,-8144
3727,nominal,-9300
3728,nominal,-8021
3729,nominal,-8970
3730,nominal,-8383
3731,nominal,-8278
3732,nominal,-9022
3733,nominal,-8368
3734,nominal,-9126
3735,nominal,-8111
3736,nominal,-7891
3737,nominal,-9066
3738,nominal,-7995
3739,nominal,-8677
3740,nominal,-8166
3741,nominal,-8569
3742,nominal,-8183
3743,nominal,-7684
3744,nominal,-8477
3745,nominal,-8763
3746,nominal,-7689
3747,nominal,-8998
3748,nominal,-6838
3749,nominal,-7029
3750,nominal,-8731
3751,nominal,-7487
3752,nominal,-8461
3753,nominal,-7888
3754,nominal,-8607
3755,nominal,-8300
3756,nominal,-8040
3757,nominal,-7831
3758,nominal,-8812
3759,nominal,-9004
3760,nominal,-7503
3761,nominal,-8611
3762,nominal,-9369
3763,nominal,-7793
3764,nominal,-7245
3765,nominal,-8604
3766,nominal,-7444
3767,nominal,-7717
3768,nominal,-8395
3769,nominal,-8131
3770,nominal,-8731
3771,nominal,-7855
3772,nominal,-7735
3773,nominal,-7821
3774,nominal,-8696
3775,nominal,-8417
3776,nominal,-8601
3777,nominal,-7326
3778,nominal,-8298
3779,nominal,-10280
3780,nominal,-7306
3781,nominal,-7430
3782,nominal,-7815
3783,nominal,-8035
3784,nominal,-6893
3785,nominal,-8269
3786,nominal,-7959
3787,nominal,-8371
3788,nominal,-7550
3789,nominal,-8076
3790,nominal,-7569
3791,nominal,-7662
3792,nominal,-9625
3793,nominal,-8339
3794,nominal,-9722
3795,nominal,-7437
3796,nominal,-8979
3797,nominal,-8662
3798,nominal,-8749
3799,nominal,-9575
3800,nominal,-6993
3801,nominal,-7494
3802,nominal,-8436
3803,nominal,-6738
3804,nominal,-8236
3805,nominal,-8047
3806,nominal,-8666
3807,nominal,-8987
3808,nominal,-8000
3809,nominal,-7639
3810,nominal,-9289
3811,nominal,-8769
3812,nominal,-8844
3813,nominal,-7088
3814,nominal,-7614
3815,nominal,-7602
3816,nominal,-8371
3817,nominal,-8588
3818,nominal,-7386
3819,nominal,-8834
3820,nominal,-8277
3821,nominal,-8089
3822,nominal,-7185
3823,nominal,-8136
3824,nominal,-8796
3825,nominal,-9418
3826,nominal,-7596
3827,nominal,-7033
3828,nominal,-7862
3829,nominal,-8183
3830,nominal,-7989
3831,nominal,-8256
3832,nominal,-8572
3833,nominal,-7702
3834,nominal,-8393
3835,nominal,-7123
3836,nominal,-9849
3837,nominal,-7613
3838,nominal,-7514
3839,nominal,-7769
3840,nominal,-8407
3841,nominal,-8859
3842,nominal,-8925
3843,nominal,-7197
3844,nominal,-8434
3845,nominal,-6622
3846,nominal,-6775
3847,nominal,-8776
3848,nominal,-7485
3849,nominal,-8858
3850,nominal,-8311
3851,nominal,-7995
3852,nominal,-8748
3853,nominal,-7723
3854,nominal,-8166
3855,nominal,-8329
3856,nominal,-8295
3857,nominal,-7977
3858,nominal,-8371
3859,nominal,-9222
3860,nominal,-8009
3861,nominal,-8856
3862,nominal,-8856
3863,nominal,-7710
3864,nominal,-8230
3865,nominal,-8573
3866,nominal,-8488
3867,nominal,-8232
3868,nominal,-6889
3869,nominal,-8364
3870,nominal,-7155
3871,nominal,-8344
3872,nominal,-7674
3873,nominal,-7594
3874,nominal,-6970
3875,nominal,-7006
3876,nominal,-8486
3877,nominal,-8483
3878,nominal,-9744
3879,nominal,-7339
3880,nominal,-6832
3881,nominal,-7156
3882,nominal,-8088
3883,nominal,-7539
3884,nominal,-7985
3885,nominal,-8218
3886,nominal,-9169
3887,nominal,-9229
3888,nominal,-9158
3889,nominal,-8691
3890,nominal,-7181
3891,nominal,-8005
3892,nominal,-7564
3893,nominal,-8316
3894,nominal,-7835
3895,nominal,-8114
3896,nominal,-7390
3897,nominal,-7707
3898,nominal,-7766
3899,nominal,-8162
3900,nominal,-7460
3901,nominal,-8110
3902,nominal,-8047
3903,nominal,-7719
3904,nominal,-9453
3905,nominal,-8703
3906,nominal,-8725
3907,nominal,-8825
3908,nominal,-7189
3909,nominal,-8828
3910,nominal,-8253
3911,nominal,-7832
3912,nominal,-9102
3913,nominal,-7801
3914,nominal,-9526
3915,nominal,-7918
3916,nominal,-7698
3917,nominal,-8929
3918,nominal,-7662
3919,nominal,-8651
3920,nominal,-9011
3921,nominal,-6672
3922,nominal,-8007
3923,nominal,-9966
3924,nominal,-7020
3925,nominal,-8113
3926,nominal,-8265
3927,nominal,-9432
3928,nominal,-8515
3929,nominal,-9809
3930,nominal,-9132
3931,nominal,-10147
3932,nominal,-8281
3933,nominal,-8280
3934,nominal,-7284
3935,nominal,-9412
3936,nominal,-8362
3937,nominal,-8984
3938,nominal,-9880
3939,nominal,-7967
3940,nominal,-9130
3941,nominal,-8959
3942,nominal,-7821
3943,nominal,-9960
3944,nominal,-9138
3945,nominal,-8814
3946,nominal,-8856
3947,nominal,-8138
3948,nominal,-8270
3949,nominal,-9253
3950,nominal,-8348
3951,nominal,-7121
3952,nominal,-8856
3953,nominal,-7911
3954,nominal,-8723
3955,nominal,-7767
3956,nominal,-8140
3957,nominal,-8405
3958,nominal,-7495
3959,nominal,-6540
3960,nominal,-7951
3961,nominal,-7897
3962,nominal,-6603
3963,nominal,-8356
3964,nominal,-7676
3965,nominal,-7886
3966,nominal,-7965
3967,nominal,-8176
3968,nominal,-7360
3969,nominal,-8645
3970,nominal,-6793
3971,nominal,-8127
3972,nominal,-7580
3973,nominal,-8734
3974,nominal,-7747
3975,nominal,-9367
3976,nominal,-6999
3977,nominal,-8410
3978,nominal,-7732
3979,nominal,-8331
3980,nominal,-8734
3981,nominal,-8554
3982,nominal,-7921
3983,nominal,-7761
3984,nominal,-6921
3985,nominal,-7952
3986,nominal,-8063
3987,nominal,-7646
3988,nominal,-7129
3989,nominal,-8123
3990,nominal,-7390
3991,nominal,-8028
3992,nominal,-8441
3993,nominal,-8526
3994,nominal,-7927
3995,nominal,-9278
3996,nominal,-8609
3997,nominal,-7987
3998,nominal,-8206
3999,nominal,-8274
4000,nominal,-8292
4001,nominal,-6925
4002,nominal,-7827
4003,nominal,-8067
4004,nominal,-7957
4005,nominal,-8019
4006,nominal,-8030
4007,nominal,-7034
4008,nominal,-8790
4009,nominal,-7044
4010,nominal,-8564
4011,nominal,-8826
4012,nominal,-7965
4013,nominal,-7147
4014,nominal,-8515
4015,nominal,-8170
4016,nominal,-9066
4017,nominal,-7489
4018,nominal,-9137
4019,nominal,-8035
4020,nominal,-7314
4021,nominal,-8249
4022,nominal,-7523
4023,nominal,-9511
4024,nominal,-9226
4025,nominal,-8002
4026,nominal,-7470
4027,nominal,-8947
4028,nominal,-8435
4029,nominal,-8613
4030,nominal,-7646
4031,nominal,-8836
4032,nominal,-8073
4033,nominal,-8701
4034,nominal,-7519
4035,nominal,-8835
4036,nominal,-9348
4037,nominal,-8844
4038,nominal,-8044
4039,nominal,-8736
4040,nominal,-9457
4041,nominal,-8556
4042,nominal,-8683
4043,nominal,-8683
4044,nominal,-7750
4045,nominal,-8232
4046,nominal,-9248
4047,nominal,-6451
4048,nominal,-6692
4049,nominal,-8427
4050,nominal,-8156
4051,nominal,-8180
4052,nominal,-7701
4053,nominal,-8146
4054,nominal,-7806
4055,nominal,-6417
4056,nominal,-8618
4057,nominal,-7677
4058,nominal,-8890
4059,nominal,-8171
4060,nominal,-7603
4061,nominal,-9124
4062,nominal,-7663
4063,nominal,-8955
4064,nominal,-7169
4065,nominal,-6301
4066,nominal,-8482
4067,nominal,-7664
4068,nominal,-8469
4069,nominal,-8255
4070,nominal,-8416
4071,nominal,-8284
4072,nominal,-7818
4073,nominal,-7925
4074,nominal,-7161
4075,nominal,-8381
4076,nominal,-8384
4077,nominal,-6378
4078,nominal,-9372
4079,nominal,-8509
4080,nominal,-8875
4081,nominal,-8508
4082,nominal,-8021
4083,nominal,-7414
4084,nominal,-8267
4085,nominal,-9529
4086,nominal,-9069
4087,nominal,-9370
4088,nominal,-8663
4089,nominal,-8023
4090,nominal,-9755
4091,nominal,-7952
4092,nominal,-8202
4093,nominal,-8440
4094,nominal,-7032
4095,nominal,-8174
4096,nominal,-8572
4097,nominal,-8363
4098,nominal,-6319
4099,nominal,-8491
4100,nominal,-9164
4101,nominal,-7979
4102,nominal,-9421
4103,nominal,-7728
4104,nominal,-7418
4105,nominal,-7353
4106,nominal,-9383
4107,nominal,-7991
4108,nominal,-8067
4109,nominal,-7952
4110,nominal,-7415
4111,nominal,-8167
4112,nominal,-8586
4113,nominal,-8367
4114,nominal,-9280
4115,nominal,-8080
4116,nominal,-7411
4117,nominal,-9945
4118,nominal,-8363
4119,nominal,-8549
4120,nominal,-7889
4121,nominal,-7561
4122,nominal,-8588
4123,nominal,-7031
4124,nominal,-8500
4125,nominal,-7757
4126,nominal,-7468
4127,nominal,-8290
4128,nominal,-8767
4129,nominal,-8432
4130,nominal,-7143
4131,nominal,-9004
4132,nominal,-7938
4133,nominal,-8716
4134,nominal,-8577
4135,nominal,-8659
4136,nominal,-8680
4137,nominal,-8909
4138,nominal,-8528
4139,nominal,-7696
4140,nominal,-9348
4141,nominal,-9965
4142,nominal,-8764
4143,nominal,-8049
4144,nominal,-7523
4145,nominal,-7985
4146,nominal,-8635
4147,nominal,-7275
4148,nominal,-8505
4149,nominal,-7545
4150,nominal,-8612
4151,nominal,-7918
4152,nominal,-9105
4153,nominal,-7993
4154,nominal,-8538
4155,nominal,-7912
4156,nominal,-7812
4157,nominal,-8351
4158,nominal,-8754
4159,nominal,-8464
4160,nominal,-7905
4161,nominal,-7891
4162,nominal,-8261
4163,nominal,-9405
4164,nominal,-8144
4165,nominal,-7230
4166,nominal,-7642
4167,nominal,-8478
4168,nominal,-7750
4169,nominal,-8139
4170,nominal,-9156
4171,nominal,-7838
4172,nominal,-7583
4173,nominal,-8262
4174,nominal,-7820
4175,nominal,-7520
4176,nominal,-7926
4177,nominal,-8925
4178,nominal,-7910
4179,nominal,-8128
4180,nominal,-8094
4181,nominal,-7680
4182,nominal,-8162
4183,nominal,-7457
4184,nominal,-6916
4185,nominal,-8003
4186,nominal,-9200
4187,nominal,-7441
4188,nominal,-7500
4189,nominal,-8081
4190,nominal,-6844
4191,nominal,-8649
4192,nominal,-8461
4193,nominal,-7395
4194,nominal,-8663
4195,nominal,-7353
4196,nominal,-7726
4197,nominal,-7871
4198,nominal,-7521
4199,nominal,-8630
4200,nominal,-8182
4201,nominal,-7634
4202,nominal,-9456
4203,nominal,-8932
4204,nominal,-8921
4205,nominal,-7663
4206,nominal,-8000
4207,nominal,-9259
4208,nominal,-8058
4209,nominal,-9381
4210,nominal,-9238
4211,nominal,-8513
4212,nominal,-9397
4213,nominal,-8337
4214,nominal,-9519
4215,nominal,-8652
4216,nominal,-9415
4217,nominal,-7967
4218,nominal,-8436
4219,nominal,-7291
4220,nominal,-7357
4221,nominal,-7838
4222,nominal,-8769
4223,nominal,-6968
4224,nominal,-8032
4225,nominal,-7648
4226,nominal,-7526
4227,nominal,-8797
4228,nominal,-7813
4229,nominal,-8310
4230,nominal,-7842
4231,nominal,-9307
4232,nominal,-7493
4233,nominal,-7624
4234,nominal,-8646
4235,nominal,-7846
4236,nominal,-6184
4237,nominal,-8330
4238,nominal,-7795
4239,nominal,-8694
4240,nominal,-8039
4241,nominal,-7723
4242,nominal,-8192
4243,nominal,-9313
4244,nominal,-8181
4245,nominal,-8554
4246,nominal,-8123
4247,nominal,-8388
4248,nominal,-8335
4249,nominal,-8523
4250,nominal,-8286
4251,nominal,-8886
4252,nominal,-6949
4253,nominal,-8126
4254,nominal,-8166
4255,nominal,-9261
4256,nominal,-7233
4257,nominal,-9701
4258,nominal,-7998
4259,nominal,-8620
4260,nominal,-6726
4261,nominal,-7779
4262,nominal,-8651
4263,nominal,-8072
4264,nominal,-9418
4265,nominal,-7724
4266,nominal,-8356
4267,nominal,-9178
4268,nominal,-7652
4269,nominal,-8787
4270,nominal,-8542
4271,nominal,-7940
4272,nominal,-7465
4273,nominal,-8964
4274,nominal,-7985
4275,nominal,-7875
4276,nominal,-8502
4277,nominal,-8173
4278,nominal,-9041
4279,nominal,-7625
4280,nominal,-8229
4281,nominal,-7599
4282,nominal,-7851
4283,nominal,-10026
4284,nominal,-9707
4285,nominal,-8095
4286,nominal,-8935
4287,nominal,-8471
4288,nominal,-6555
4289,nominal,-9567
4290,nominal,-8641
4291,nominal,-7065
4292,nominal,-8154
4293,nominal,-7698
4294,nominal,-8158
4295,nominal,-8300
4296,nominal,-8003
4297,nominal,-9162
4298,nominal,-8929
4299,nominal,-9222
4300,nominal,-7792
4301,nominal,-8590
4302,nominal,-7957
4303,nominal,-9698
4304,nominal,-8228
4305,nominal,-8152
4306,nominal,-7319
4307,nominal,-9137
4308,nominal,-8808
4309,nominal,-7734
4310,nominal,-7796
4311,nominal,-6573
4312,nominal,-8609
4313,nominal,-7674
4314,nominal,-8258
4315,nominal,-6858
4316,nominal,-9399
4317,nominal,-7000
4318,nominal,-8306
4319,nominal,-7728
4320,nominal,-7677
4321,nominal,-7523
4322,nominal,-7898
4323,nominal,-7182
4324,nominal,-9055
4325,nominal,-9067
4326,nominal,-8207
4327,nominal,-8603
4328,nominal,-8681
4329,nominal,-8774
4330,nominal,-8165
4331,nominal,-8770
4332,nominal,-8329
4333,nominal,-7891
4334,nominal,-7998
4335,nominal,-9047
4336,nominal,-7673
4337,nominal,-8985
4338,nominal,-8603
4339,nominal,-8343
4340,nominal,-7697
4341,nominal,-8319
4342,nominal,-7776
4343,nominal,-8308
4344,nominal,-8620
4345,nominal,-7398
4346,nominal,-8782
4347,nominal,-8060
4348,nominal,-8238
4349,nominal,-8946
4350,nominal,-8624
4351,nominal,-9435
4352,nominal,-8551
4353,nominal,-7906
4354,nominal,-8841
4355,nominal,-8019
4356,nominal,-7572
4357,nominal,-7836
4358,nominal,-7945
4359,nominal,-8370
4360,nominal,-7232
4361,nominal,-7835
4362,nominal,-7388
4363,nominal,-8564
4364,nominal,-7307
4365,nominal,-8684
4366,nominal,-9564
4367,nominal,-8372
4368,nominal,-7765
4369,nominal,-7642
4370,nominal,-9330
4371,nominal,-8092
4372,nominal,-7094
4373,nominal,-9231
4374,nominal,-8922
4375,nominal,-7321
4376,nominal,-8840
4377,nominal,-7720
4378,nominal,-8414
4379,nominal,-8752
4380,nominal,-8399
4381,nominal,-9341
4382,nominal,-8069
4383,nominal,-8246
4384,nominal,-8667
4385,nominal,-8781
4386,nominal,-8334
4387,nominal,-7315
4388,nominal,-8334
4389,nominal,-8347
4390,nominal,-8840
4391,nominal,-8062
4392,nominal,-8584
4393,nominal,-7510
4394,nominal,-8286
4395,nominal,-8209
4396,nominal,-8562
4397,nominal,-7866
4398,nominal,-8727
4399,nominal,-6967
4400,nominal,-7502
4401,nominal,-8230
4402,nominal,-6938
4403,nominal,-8134
4404,nominal,-8031
4405,nominal,-8689
4406,nominal,-7921
4407,nominal,-7362
4408,nominal,-7081
4409,nominal,-7894
4410,nominal,-9048
4411,nominal,-8847
4412,nominal,-6836
4413,nominal,-7712
4414,nominal,-8330
4415,nominal,-8839
4416,nominal,-7822
4417,nominal,-7771
4418,nominal,-8469
4419,nominal,-7691
4420,nominal,-7298
4421,nominal,-8471
4422,nominal,-8343
4423,nominal,-8093
4424,nominal,-8156
4425,nominal,-7664
4426,nominal,-7611
4427,nominal,-7477
4428,nominal,-8903
4429,nominal,-7589
4430,nominal,-8793
4431,nominal,-9148
4432,nominal,-7276
4433,nominal,-8687
4434,nominal,-9517
4435,nominal,-8676
4436,nominal,-6280
4437,nominal,-8781
4438,nominal,-8082
4439,nominal,-9878
4440,nominal,-8533
4441,nominal,-8318
4442,nominal,-7215
4443,nominal,-7570
4444,nominal,-8511
4445,nominal,-8427
4446,nominal,-8422
4447,nominal,-8398
4448,nominal,-8204
4449,nominal,-8729
4450,nominal,-7870
4451,nominal,-9117
4452,nominal,-7414
4453,nominal,-7928
4454,nominal,-8597
4455,nominal,-8530
4456,nominal,-9352
4457,nominal,-6868
4458,nominal,-8849
4459,nominal,-8347
4460,nominal,-8226
4461,nominal,-9261
4462,nominal,-8973
4463,nominal,-8106
4464,nominal,-9233
4465,nominal,-7908
4466,nominal,-10005
4467,nominal,-8307
4468,nominal,-8145
4469,nominal,-8146
4470,nominal,-8396
4471,nominal,-8020
4472,nominal,-7653
4473,nominal,-8590
4474,nominal,-7683
4475,nominal,-8685
4476,nominal,-8072
4477,nominal,-8028
4478,nominal,-9529
4479,nominal,-7876
4480,nominal,-8649
4481,nominal,-7755
4482,nominal,-6670
4483,nominal,-6812
4484,nominal,-9095
4485,nominal,-8020
4486,nominal,-9655
4487,nominal,-7749
4488,nominal,-7941
4489,nominal,-8277
4490,nominal,-6845
4491,nominal,-8480
4492,nominal,-7431
4493,nominal,-9089
4494,nominal,-7436
4495,nominal,-8328
4496,nominal,-9023
4497,nominal,-7985
4498,nominal,-7852
4499,nominal,-8412
4500,nominal,-7431
4501,nominal,-7360
4502,nominal,-8379
4503,nominal,-7768
4504,nominal,-8032
4505,nominal,-8877
4506,nominal,-8160
4507,nominal,-6447
4508,nominal,-9045
4509,nominal,-8971
4510,nominal,-8999
4511,nominal,-8540
4512,nominal,-8224
4513,nominal,-9106
4514,nominal,-7430
4515,nominal,-8439
4516,nominal,-7645
4517,nominal,-9552
4518,nominal,-8179
4519,nominal,-8916
4520,nominal,-8179
4521,nominal,-9523
4522,nominal,-8324
4523,nominal,-6703
4524,nominal,-7493
4525,nominal,-8746
4526,nominal,-8172
4527,nominal,-8671
4528,nominal,-7364
4529,nominal,-8044
4530,nominal,-8427
4531,nominal,-8403
4532,nominal,-9554
4533,nominal,-7767
4534,nominal,-7794
4535,nominal,-8365
4536,nominal,-6401
4537,nominal,-8765
4538,nominal,-7675
4539,nominal,-8135
4540,nominal,-9409
4541,nominal,-7518
4542,nominal,-7608
4543,nominal,-8088
4544,nominal,-8472
4545,nominal,-8353
4546,nominal,-7712
4547,nominal,-7648
4548,nominal,-7430
4549,nominal,-9537
4550,nominal,-6991
4551,nominal,-8028
4552,nominal,-8139
4553,nominal,-9125
4554,nominal,-9227
4555,nominal,-9988
4556,nominal,-8706
4557,nominal,-8443
4558,nominal,-7495
4559,nominal,-6868
4560,nominal,-8346
4561,nominal,-8923
4562,nominal,-7841
4563,nominal,-7285
4564,nominal,-6803
4565,nominal,-9191
4566,nominal,-9186
4567,nominal,-8725
4568,nominal,-9128
4569,nominal,-7501
4570,nominal,-7112
4571,nominal,-8538
4572,nominal,-7450
4573,nominal,-9996
4574,nominal,-8212
4575,nominal,-8175
4576,nominal,-7642
4577,nominal,-7904
4578,nominal,-9899
4579,nominal,-8242
4580,nominal,-9099
4581,nominal,-9132
4582,nominal,-7769
4583,nominal,-9329
4584,nominal,-7368
4585,nominal,-7305
4586,nominal,-8586
4587,nominal,-8315
4588,nominal,-7995
4589,nominal,-8827
4590,nominal,-7609
4591,nominal,-7589
4592,nominal,-8730
4593,nominal,-8410
4594,nominal,-6949
4595,nominal,-7975
4596,nominal,-9232
4597,nominal,-6865
4598,nominal,-8451
4599,nominal,-7940
4600,nominal,-7648
4601,nominal,-9032
4602,nominal,-9474
4603,nominal,-8419
4604,nominal,-7044
4605,nominal,-6339
4606,nominal,-7702
4607,nominal,-9214
4608,nominal,-7453
4609,nominal,-8389
4610,nominal,-6581
4611,nominal,-9620
4612,nominal,-8727
4613,nominal,-7796
4614,nominal,-8575
4615,nominal,-7560
4616,nominal,-8288
4617,nominal,-9110
4618,nominal,-9463
4619,nominal,-8096
4620,nominal,-8555
4621,nominal,-8251
4622,nominal,-8550
4623,nominal,-7760
4624,nominal,-7723
4625,nominal,-9252
4626,nominal,-7270
4627,nominal,-7235
4628,nominal,-7996
4629,nominal,-8880
4630,nominal,-8525
4631,nominal,-8169
4632,nominal,-7758
4633,nominal,-8722
4634,nominal,-8819
4635,nominal,-7101
4636,nominal,-7874
4637,nominal,-8856
4638,nominal,-8046
4639,nominal,-7547
4640,nominal,-8604
4641,nominal,-7962
4642,nominal,-9371
4643,nominal,-9701
4644,nominal,-7706
4645,nominal,-7419
4646,nominal,-9003
4647,nominal,-8628
4648,nominal,-8050
4649,nominal,-7908
4650,nominal,-8937
4651,nominal,-7132
4652,nominal,-7585
4653,nominal,-7949
4654,nominal,-8245
4655,nominal,-8196
4656,nominal,-8330
4657,nominal,-8895
4658,nominal,-7257
4659,nominal,-8034
4660,nominal,-8023
4661,nominal,-8242
4662,nominal,-9252
4663,nominal,-9330
4664,nominal,-9658
4665,nominal,-8101
4666,nominal,-7969
4667,nominal,-7753
4668,nominal,-8300
4669,nominal,-8412
4670,nominal,-7472
4671,nominal,-9413
4672,nominal,-8084
4673,nominal,-8414
4674,nominal,-7829
4675,nominal,-7518
4676,nominal,-7457
4677,nominal,-7412
4678,nominal,-8531
4679,nominal,-7827
4680,nominal,-6834
4681,nominal,-7884
4682,nominal,-9345
4683,nominal,-7728
4684,nominal,-6289
4685,nominal,-7986
4686,nominal,-8057
4687,nominal,-8332
4688,nominal,-7525
4689,nominal,-7292
4690,nominal,-8955
4691,nominal,-8873
4692,nominal,-7881
4693,nominal,-7417
4694,nominal,-7159
4695,nominal,-8817
4696,nominal,-8029
4697,nominal,-7556
4698,nominal,-8345
4699,nominal,-8045
4700,nominal,-7908
4701,nominal,-7551
4702,nominal,-8599
4703,nominal,-7843
4704,nominal,-8131
4705,nominal,-8475
4706,nominal,-8531
4707,nominal,-8662
4708,nominal,-8775
4709,nominal,-8287
4710,nominal,-9582
4711,nominal,-7327
4712,nominal,-8916
4713,nominal,-8134
4714,nominal,-6101
4715,nominal,-8849
4716,nominal,-8255
4717,nominal,-8091
4718,nominal,-8327
4719,nominal,-8738
4720,nominal,-7231
4721,nominal,-8990
4722,nominal,-7859
4723,nominal,-6750
4724,nominal,-7385
4725,nominal,-8381
4726,nominal,-6945
4727,nominal,-7943
4728,nominal,-7314
4729,nominal,-8313
4730,nominal,-8636
4731,nominal,-7988
4732,nominal,-8035
4733,nominal,-8017
4734,nominal,-7764
4735,nominal,-7808
4736,nominal,-7618
4737,nominal,-8156
4738,nominal,-8590
4739,nominal,-7627
4740,nominal,-8162
4741,nominal,-8908
4742,nominal,-7945
4743,nominal,-10227
4744,nominal,-8326
4745,nominal,-8132
4746,nominal,-8033
4747,nominal,-8334
4748,nominal,-8415
4749,nominal,-7697
4750,nominal,-6886
4751,nominal,-9414
4752,nominal,-10205
4753,nominal,-8385
4754,nominal,-8582
4755,nominal,-7776
4756,nominal,-7343
4757,nominal,-8390
4758,nominal,-8219
4759,nominal,-6985
4760,nominal,-9175
4761,nominal,-7537
4762,nominal,-8146
4763,nominal,-8793
4764,nominal,-7671
4765,nominal,-6580
4766,nominal,-7885
4767,nominal,-9450
4768,nominal,-7482
4769,nominal,-9016
4770,nominal,-8616
4771,nominal,-9011
4772,nominal,-9648
4773,nominal,-8117
4774,nominal,-7809
4775,nominal,-8565
4776,nominal,-8313
4777,nominal,-7593
4778,nominal,-8691
4779,nominal,-8938
4780,nominal,-8356
4781,nominal,-8322
4782,nominal,-9565
4783,nominal,-7562
4784,nominal,-7927
4785,nominal,-8082
4786,nominal,-7578
4787,nominal,-8447
4788,nominal,-7149
4789,nominal,-8868
4790,nominal,-7208
4791,nominal,-7976
4792,nominal,-8416
4793,nominal,-8977
4794,nominal,-8219
4795,nominal,-7767
4796,nominal,-7798
4797,nominal,-8324
4798,nominal,-9965
4799,nominal,-8132
4800,nominal,-8816
4801,nominal,-7932
4802,nominal,-8055
4803,nominal,-7666
4804,nominal,-8049
4805,nominal,-8251
4806,nominal,-8026
4807,nominal,-9133
4808,nominal,-7613
4809,nominal,-7616
4810,nominal,-7922
4811,nominal,-8712
4812,nominal,-8529
4813,nominal,-7565
4814,nominal,-7406
4815,nominal,-8855
4816,nominal,-8430
4817,nominal,-8562
4818,nominal,-8523
4819,nominal,-10078
4820,nominal,-7872
4821,nominal,-7339
4822,nominal,-7729
4823,nominal,-7321
4824,nominal,-7943
4825,nominal,-8552
4826,nominal,-7347
4827,nominal,-8976
4828,nominal,-8083
4829,nominal,-8689
4830,nominal,-9181
4831,nominal,-7615
4832,nominal,-8858
4833,nominal,-8050
4834,nominal,-7649
4835,nominal,-8694
4836,nominal,-8965
4837,nominal,-8881
4838,nominal,-7145
4839,nominal,-7919
4840,nominal,-8935
4841,nominal,-9575
4842,nominal,-8620
4843,nominal,-9241
4844,nominal,-8011
4845,nominal,-7411
4846,nominal,-8374
4847,nominal,-7837
4848,nominal,-7864
4849,nominal,-8634
4850,nominal,-7597
4851,nominal,-8377
4852,nominal,-7683
4853,nominal,-6741
4854,nominal,-8361
4855,nominal,-8101
4856,nominal,-9292
4857,nominal,-8831
4858,nominal,-8472
4859,nominal,-7111
4860,nominal,-7913
4861,nominal,-8064
4862,nominal,-8811
4863,nominal,-8038
4864,nominal,-7991
4865,nominal,-8335
4866,nominal,-8035
4867,nominal,-8633
4868,nominal,-8780
4869,nominal,-7028
4870,nominal,-8131
4871,nominal,-9280
4872,nominal,-7369
4873,nominal,-8620
4874,nominal,-8611
4875,nominal,-7465
4876,nominal,-7122
4877,nominal,-7188
4878,nominal,-7864
4879,nominal,-8167
4880,nominal,-8339
4881,nominal,-8913
4882,nominal,-7440
4883,nominal,-9364
4884,nominal,-8109
4885,nominal,-8161
4886,nominal,-7591
4887,nominal,-8483
4888,nominal,-8389
4889,nominal,-7237
4890,nominal,-9226
4891,nominal,-7264
4892,nominal,-9065
4893,nominal,-8425
4894,nominal,-7854
4895,nominal,-8114
4896,nominal,-8735
4897,nominal,-8651
4898,nominal,-8315
4899,nominal,-8751
4900,nominal,-9794
4901,nominal,-7849
4902,nominal,-7772
4903,nominal,-7399
4904,nominal,-7942
4905,nominal,-7917
4906,nominal,-8331
4907,nominal,-7861
4908,nominal,-8455
4909,nominal,-7646
4910,nominal,-8952
4911,nominal,-8220
4912,nominal,-8449
4913,nominal,-7035
4914,nominal,-8699
4915,nominal,-8807
4916,nominal,-8134
4917,nominal,-9417
4918,nominal,-8102
4919,nominal,-7919
4920,nominal,-8757
4921,nominal,-8183
4922,nominal,-8286
4923,nominal,-7501
4924,nominal,-8550
4925,nominal,-8233
4926,nominal,-8591
4927,nominal,-8773
4928,nominal,-8429
4929,nominal,-7634
4930,nominal,-8573
4931,nominal,-7977
4932,nominal,-8346
4933,nominal,-8925
4934,nominal,-7704
4935,nominal,-8790
4936,nominal,-8499
4937,nominal,-8176
4938,nominal,-8236
4939,nominal,-8881
4940,nominal,-9311
4941,nominal,-8105
4942,nominal,-8099
4943,nominal,-7147
4944,nominal,-8924
4945,nominal,-7664
4946,nominal,-6736
4947,nominal,-8989
4948,nominal,-8674
4949,nominal,-8448
4950,nominal,-8236
4951,nominal,-7336
4952,nominal,-7969
4953,nominal,-7731
4954,nominal,-8029
4955,nominal,-8403
4956,nominal,-7636
4957,nominal,-8463
4958,nominal,-7892
4959,nominal,-7205
4960,nominal,-8172
4961,nominal,-8206
4962,nominal,-8980
4963,nominal,-7455
4964,nominal,-8609
4965,nominal,-7785
4966,nominal,-6914
4967,nominal,-8355
4968,nominal,-7843
4969,nominal,-8730
4970,nominal,-8434
4971,nominal,-7000
4972,nominal,-6887
4973,nominal,-7846
4974,nominal,-6977
4975,nominal,-7827
4976,nominal,-8135
4977,nominal,-8421
4978,nominal,-8678
4979,nominal,-8370
4980,nominal,-7581
4981,nominal,-8177
4982,nominal,-8786
4983,nominal,-7450
4984,nominal,-7262
4985,nominal,-7830
4986,nominal,-8490
4987,nominal,-7980
4988,nominal,-9110
4989,nominal,-8486
4990,nominal,-8227
4991,nominal,-8378
4992,nominal,-8791
4993,nominal,-6795
4994,nominal,-7540
4995,nominal,-9435
4996,nominal,-8232
4997,nominal,-7962
4998,nominal,-8461
4999,nominal,-8574
5000,anomaly,-7929
5001,anomaly,-8520
5002,anomaly,-8102
5003,anomaly,-8153
5004,anomaly,-8007
5005,anomaly,-11613
5006,anomaly,-8544
5007,anomaly,-7497
5008,anomaly,-10245
5009,anomaly,-8519
5010,anomaly,-9788
5011,anomaly,-8711
5012,anomaly,-10189
5013,anomaly,-9657
5014,anomaly,-8737
5015,anomaly,-9034
5016,anomaly,-8495
5017,anomaly,-11647
5018,anomaly,-12470
5019,anomaly,-7661
5020,anomaly,-9494
5021,anomaly,-8724
5022,anomaly,-7881
5023,anomaly,-9369
5024,anomaly,-8238
5025,anomaly,-7282
5026,anomaly,-9913
5027,anomaly,-9007
5028,anomaly,-8218
5029,anomaly,-10283
5030,anomaly,-8155
5031,anomaly,-8934
5032,anomaly,-8546
5033,anomaly,-7749
5034,anomaly,-10752
5035,anomaly,-9246
5036,anomaly,-8436
5037,anomaly,-9241
5038,anomaly,-9326
5039,anomaly,-10246
5040,anomaly,-11828
5041,anomaly,-10204
5042,anomaly,-8916
5043,anomaly,-12150
5044,anomaly,-8871
5045,anomaly,-10460
5046,anomaly,-11708
5047,anomaly,-13658
5048,anomaly,-7975
5049,anomaly,-12370
5050,anomaly,-8466
5051,anomaly,-9821
5052,anomaly,-13438
5053,anomaly,-8799
5054,anomaly,-8867
5055,anomaly,-13014
5056,anomaly,-8774
5057,anomaly,-8428
5058,anomaly,-11864
5059,anomaly,-8926
5060,anomaly,-7829
5061,anomaly,-7431
5062,anomaly,-8421
5063,anomaly,-13640
5064,anomaly,-8899
5065,anomaly,-8963
5066,anomaly,-8501
5067,anomaly,-9981
5068,anomaly,-9502
5069,anomaly,-7508
5070,anomaly,-10039
5071,anomaly,-8914
5072,anomaly,-8954
5073,anomaly,-9505
5074,anomaly,-9657
5075,anomaly,-7894
5076,anomaly,-9205
5077,anomaly,-8698
5078,anomaly,-9442
5079,anomaly,-12301
5080,anomaly,-10184
5081,anomaly,-11222
5082,anomaly,-8767
5083,anomaly,-8015
5084,anomaly,-7599
5085,anomaly,-9249
5086,anomaly,-8326
5087,anomaly,-8572
5088,anomaly,-9884
5089,anomaly,-10157
5090,anomaly,-10485
5091,anomaly,-9239
5092,anomaly,-7599
5093,anomaly,-8949
5094,anomaly,-12785
5095,anomaly,-11712
5096,anomaly,-8124
5097,anomaly,-10277
5098,anomaly,-9895
5099,anomaly,-7830
5100,anomaly,-9464
5101,anomaly,-8894
5102,anomaly,-8054
5103,anomaly,-9316
5104,anomaly,-9338
5105,anomaly,-8065
5106,anomaly,-9107
5107,anomaly,-8083
5108,anomaly,-8484
5109,anomaly,-10172
5110,anomaly,-8347
5111,anomaly,-9391
5112,anomaly,-12110
5113,anomaly,-9588
5114,anomaly,-8821
5115,anomaly,-7681
5116,anomaly,-9567
5117,anomaly,-8716
5118,anomaly,-8368
5119,anomaly,-8950
5120,anomaly,-8042
5121,anomaly,-8448
5122,anomaly,-9616
5123,anomaly,-9382
5124,anomaly,-8280
5125,anomaly,-12700
5126,anomaly,-8990
5127,anomaly,-9431
5128,anomaly,-8648
5129,anomaly,-8925
5130,anomaly,-10156
5131,anomaly,-8991
5132,anomaly,-7752
5133,anomaly,-8651
5134,anomaly,-9580
5135,anomaly,-7664
5136,anomaly,-7515
5137,anomaly,-9729
5138,anomaly,-9149
5139,anomaly,-8807
5140,anomaly,-9436
5141,anomaly,-8057
5142,anomaly,-7990
5143,anomaly,-8883
5144,anomaly,-10151
5145,anomaly,-13034
5146,anomaly,-7371
5147,anomaly,-10025
5148,anomaly,-9197
5149,anomaly,-7820
5150,anomaly,-7067
5151,anomaly,-9273
5152,anomaly,-10034
5153,anomaly,-8716
5154,anomaly,-12478
5155,anomaly,-8832
5156,anomaly,-8970
5157,anomaly,-7976
5158,anomaly,-9367
5159,anomaly,-8723
5160,anomaly,-8110
5161,anomaly,-8672
5162,anomaly,-7056
5163,anomaly,-8695
5164,anomaly,-8618
5165,anomaly,-9784
5166,anomaly,-8322
5167,anomaly,-10951
5168,anomaly,-10022
5169,anomaly,-9149
5170,anomaly,-8230
5171,anomaly,-11983
5172,anomaly,-7493
5173,anomaly,-9643
5174,anomaly,-8786
5175,anomaly,-9646
5176,anomaly,-10254
5177,anomaly,-12369
5178,anomaly,-9609
5179,anomaly,-8492
5180,anomaly,-9219
5181,anomaly,-9929
5182,anomaly,-6772
5183,anomaly,-11558
5184,anomaly,-8597
5185,anomaly,-8797
5186,anomaly,-9320
5187,anomaly,-7128
5188,anomaly,-8831
5189,anomaly,-8836
5190,anomaly,-9281
5191,anomaly,-9059
5192,anomaly,-8508
5193,anomaly,-8785
5194,anomaly,-9121
5195,anomaly,-7445
5196,anomaly,-8307
5197,anomaly,-6981
5198,anomaly,-8062
5199,anomaly,-7640
5200,anomaly,-9029
5201,anomaly,-12748
5202,anomaly,-8714
5203,anomaly,-7868
5204,anomaly,-8726
5205,anomaly,-9468
5206,anomaly,-8940
5207,anomaly,-9893
5208,anomaly,-10764
5209,anomaly,-7334
5210,anomaly,-9012
5211,anomaly,-9104
5212,anomaly,-9336
5213,anomaly,-11437
5214,anomaly,-7041
5215,anomaly,-8892
5216,anomaly,-9761
5217,anomaly,-6828
5218,anomaly,-9151
5219,anomaly,-8366
5220,anomaly,-11821
5221,anomaly,-12906
5222,anomaly,-8475
5223,anomaly,-8314
5224,anomaly,-12679
5225,anomaly,-8032
5226,anomaly,-8327
5227,anomaly,-8457
5228,anomaly,-9490
5229,anomaly,-8599
5230,anomaly,-7815
5231,anomaly,-9511
5232,anomaly,-7777
5233,anomaly,-8793
5234,anomaly,-7600
5235,anomaly,-8462
5236,anomaly,-10065
5237,anomaly,-8805
5238,anomaly,-11836
5239,anomaly,-7850
5240,anomaly,-9026
5241,anomaly,-7318
5242,anomaly,-8469
5243,anomaly,-7716
5244,anomaly,-9060
5245,anomaly,-11245
5246,anomaly,-8077
5247,anomaly,-7509
5248,anomaly,-10362
5249,anomaly,-7692
